Region_ID,Rent,Year,Total_Homeless ,U1,U2,U3,U4,U5,U6,pctdisc,pctinv,Civilian,pcthmlsofciv,gini,pctcrime,crime,Housing_Supply,CPI,State
3,784,2011,2128,2.8,4.2,7.6,8.1,9.1,13.5,0.542152345,4.526972079,344900,0.552913888,0.57,0.017,6110.3,2184489,218.618,Alabama
1,1366,2011,5558,6.1,5.4,9.8,10.6,11.6,16.2,0.878236209,4.688500595,2262700,0.144119857,0.59,0.002,4200.3,308499,227.485,Alaska
1,817,2011,3424,4.4,4.8,8.6,9.2,9.9,14.1,0.619058147,4.274449112,1369800,0.198350124,0.61,0.004,4823.1,2860024,227.485,Arizona
3,733,2011,10504,5.9,5.2,9.5,10.1,11.2,18,0.637126209,6.973170263,3544200,0.282348626,0.62,0.001,4141.3,1324757,218.618,Arkansas
1,1540,2011,125128,7,7,11.6,12.3,13.4,21.1,0.791888243,7.824098311,19435400,0.778363193,0.67,0,4109.9,13728564,227.485,California
1,906,2011,15116,4.7,5.2,8.4,8.7,9.5,15.1,0.340518022,5.680130411,3143600,0.305986767,0.62,0.001,3141.9,2226684,227.485,Colorado
4,1089,2011,4456,5.6,5.7,8.9,9.6,10.4,15.4,0.74070155,5.073805619,1914700,0.158406017,0.68,0.001,2754.8,1491803,240.997,Connecticut
3,929,2011,6546,6.7,5,10.4,11.1,12.4,15.8,0.759124088,3.386861314,411900,1.58315125,0.64,0.035,11979.6,408935,218.618,Delaware
3,1842,2011,1035,4.4,4.6,7.5,8.1,8.8,13.2,0.615454753,4.467745612,490100,0.187920832,0.56,0.013,5665.7,296364,218.618,District of Columbia
3,965,2011,56687,6.7,6.2,10,10.8,11.6,17.6,0.969570242,6.123369834,10357000,0.273515497,0.69,0.001,5139.8,9020859,218.618,Florida
3,898,2011,20975,6.3,5.8,10.1,10.8,11.8,17.1,0.81226309,5.460907235,5083700,0.205421248,0.64,0.001,3746.5,4103197,218.618,Georgia
1,2035,2011,6188,4.5,4.2,7.3,7.8,9,15.1,0.568990043,6.195669354,661200,0.969751966,0.57,0.004,2514.1,523213,227.485,Hawaii
1,623,2011,3134,2.6,3.2,5.8,6.1,6.7,11.3,0.289400699,4.588206922,1758600,0.131638804,0.56,0.002,2571.6,673018,227.485,Idaho
2,1194,2011,2199,4.4,4.9,8.7,9.1,9.9,16.1,0.445259298,6.259821896,883200,0.262115036,0.63,0.003,2021.3,5302807,214.743,Illinois
2,744,2011,14009,6.1,6.2,9.7,10.2,10.9,17,0.578131164,6.125762496,6464000,0.157781559,0.63,0.001,4239.1,2806775,214.743,Indiana
2,714,2011,6196,5.7,5.2,9,9.6,10.3,15.7,0.65748081,5.495784573,3384300,0.161658245,0.58,0.001,3317.4,1343439,214.743,Iowa
2,709,2011,2511,3.5,3.9,6.7,7,7.8,12.1,0.253367116,4.267235631,1480700,0.160802323,0.6,0.002,3557.2,1238054,214.743,Kansas
3,661,2011,6034,5.1,5.7,9.5,10,10.7,15.6,0.567961165,5.038834951,2068800,0.19716744,0.57,0.001,2395.9,1934827,218.618,Kentucky
3,884,2011,9291,4,3.5,7.8,8.4,9.5,13.4,0.666340029,4.017638413,2097600,0.140207857,0.59,0.003,5545.5,1978987,218.618,Louisiana
4,1046,2011,16664,4.3,4.8,7.3,7.8,8.7,14.3,0.56992296,5.693501733,3840800,0.480915434,0.64,0.001,4269.9,724977,240.997,Maine
3,1238,2011,10208,4,4.2,7,7.7,8.6,12.6,0.695241531,4.014036008,3308900,0.198283417,0.58,0.002,4930.9,2386743,218.618,Maryland
4,1589,2011,2447,4.1,4.6,8,8.5,9.5,15.1,0.477499638,5.628707857,688700,0.305793524,0.56,0.002,1233.2,2817888,240.997,Massachusetts
2,784,2011,13185,6.1,6,10.2,11.1,12.3,18.8,0.942247292,6.593594428,4965000,0.172708963,0.6,0.001,4427.7,4535193,214.743,Michigan
2,895,2011,7495,3.3,3.6,6.5,6.8,7.6,12.8,0.370257142,5.322871021,3107200,0.256726313,0.59,0.001,2304.2,2356136,214.743,Minnesota
3,786,2011,8989,4.9,4.6,8.4,8.8,9.5,14.4,0.427987809,4.86674016,3080100,0.20061037,0.6,0.001,4473.4,1282033,218.618,Mississippi
2,717,2011,2306,6.3,5.9,10.5,11.1,12,16.4,0.681443762,4.425640258,1276700,0.092739093,0.58,0.002,2689.4,2719905,214.743,Missouri
1,819,2011,1768,3.1,4.6,7.3,7.7,8.6,15.3,0.382063141,6.816810778,536400,0.252982849,0.62,0.006,2761.2,486580,227.485,Montana
2,569,2011,12896,6.5,6.4,10.5,11.1,11.8,17.9,0.650663853,6.192297547,5091900,0.182917968,0.59,0.001,3462.9,801868,214.743,Nebraska
1,847,2011,603,1.2,1.5,3.6,3.7,4.2,6.6,0.105485232,2.39978903,405300,0.137429065,0.59,0.007,2479.1,1181309,227.485,Nevada
4,1133,2011,3548,2,2.3,4.5,4.7,5.2,8.9,0.190247322,3.684790227,1047000,0.225883477,0.58,0.003,2535.8,617470,240.997,New Hampshire
4,1452,2011,1469,2.6,3.2,5.4,5.8,6.5,11.3,0.363979509,4.839579401,777300,0.179596038,0.59,0.003,2172.4,3562473,240.997,New Jersey
1,773,2011,14137,6.2,6.4,9.4,10.1,11,16,0.792848985,5.090925064,4540700,0.195168146,0.63,0.001,3076.2,908000,227.485,New Mexico
4,1562,2011,3601,4.3,3.6,7.4,7.9,9.6,14.7,0.549873529,5.201803585,952600,0.340226748,0.59,0.006,5728,8143563,240.997,New York
3,878,2011,9150,8.7,8.5,13.1,14,15.5,22.7,1.09733183,7.448327696,1565100,0.458053798,0.68,0.004,5683.4,4361008,218.618,North Carolina
2,874,2011,63445,5,4.9,8.1,9,9.9,14.3,0.933224037,4.510582845,9491800,0.970216397,0.69,0,3967.7,322584,214.743,North Dakota
2,718,2011,13030,5.1,5.1,8.7,9,9.8,14.7,0.400416017,4.941931011,5855200,0.176680557,0.57,0.001,3050.4,5134669,214.743,Ohio
3,686,2011,4625,2.8,2.9,6.2,6.8,7.8,10.7,0.619230549,2.941345106,1839200,0.214441061,0.6,0.003,4571.6,1672760,218.618,Oklahoma
1,799,2011,17254,5.3,5.8,9.4,9.8,10.9,17.5,0.459013122,6.655690266,2108600,0.752916627,0.59,0.001,2492.7,1683721,227.485,Oregon
4,959,2011,15096,4.2,4.8,7.8,8.2,9.4,13.9,0.474381806,4.605128367,6507500,0.202827507,0.6,0.001,3624,5587339,240.997,Pennsylvania
4,1133,2011,1070,7,6.9,11.1,11.7,12.7,18.6,0.656727015,5.981540646,553900,0.190467593,0.59,0.004,2458.5,464234,240.997,Rhode Island
3,761,2011,5093,6.6,6.4,10.5,11.4,12.4,18.2,1.03116944,5.877665807,2398300,0.173956553,0.59,0.003,5969.5,2151621,218.618,South Carolina
2,775.5,2011,826,1.8,2.1,4.9,5.4,6.1,9.3,0.580486716,3.215003349,470500,0.211477152,0.6,0.006,2553.7,366917,214.743,South Dakota
3,759,2011,9113,5.1,5.2,9.2,9.6,10.5,15.5,0.460741025,5.068151277,3363100,0.222027296,0.6,0.002,6078.9,2827790,218.618,Tennessee
3,946,2011,36911,3.9,4.1,7.8,8.3,9.1,14,0.496459673,4.96866607,14077700,0.183609538,0.64,0,4082.5,10077012,218.618,Texas
1,905,2011,3130,3.2,4,7,7.3,8.1,13.3,0.373025161,5.295494441,1612300,0.173540904,0.6,0.001,1969.5,990853,227.485,Utah
4,1432,2011,8816,3.9,3.6,6.5,6.9,7.6,11.8,0.439154328,4.257157256,4434300,0.130415173,0.59,0,1974.4,324436,240.997,Vermont
3,1192,2011,1144,2.5,3.6,5.8,6.1,6.8,11.6,0.330943188,4.853833425,344200,0.316385822,0.58,0.004,1476,3383399,218.618,Virginia
1,1093,2011,20439,5.1,5.4,9.4,9.9,11.2,17.8,0.522815069,6.726887217,3959300,0.54497007,0.6,0.001,2953.4,2909266,227.485,Washington
3,834,2011,5785,4.2,4.3,7.8,8.2,9,14.2,0.430727379,5.2723622,3089300,0.146894118,0.58,0.001,2498.9,883636,223.242,West Virginia
2,765.1666667,2011,2211,4.6,4.1,8.1,8.6,9.3,13.7,0.578470825,4.401408451,801300,0.174341695,0.55,0.004,2963.4,2632911,214.743,Wisconsin
1,888,2011,1038,2.4,2.9,5.9,6.2,6.7,10.6,0.26818639,3.888702648,292200,0.187542779,0.63,0.007,2192.8,264695,227.485,Wyoming
3,783,2012,1913,3.1,4.1,7.4,8.1,8.9,13,0.684743906,4.163242947,354900,0.568047337,0.57,0.017,6033.7,2195233,223.242,Alabama
1,1269,2012,5209,4.6,4.5,8,8.6,9.6,13.5,0.57840617,3.892765332,2207800,0.155539451,0.59,0.002,4504.3,310003,232.376,Alaska
1,785,2012,4214,3.4,3.6,7.6,7.9,8.9,13,0.406173842,4.15774315,1341500,0.202161759,0.61,0.003,4690.6,2872724,232.376,Arizona
3,679,2012,11302,3.9,4,8.2,8.8,9.8,15.9,0.587825047,6.233602338,3408900,0.289389539,0.62,0.001,4289.2,1331123,223.242,Arkansas
1,1549,2012,120098,6.2,5.8,10.4,11.1,12.2,19.3,0.725580085,7.178853594,19478600,0.667255347,0.69,0,4229.1,13771417,232.376,California
1,949,2012,16768,4.2,4.5,8.1,8.4,9.3,14.6,0.366972477,5.379816514,3090900,0.351256915,0.63,0.001,3086.3,2239267,232.376,Colorado
4,1129,2012,4209,5.3,5.2,8.4,9,9.8,14.7,0.584950811,4.950810955,1907000,0.208495018,0.7,0.002,2827.3,1494249,245.698,Connecticut
3,916,2012,6954,6.1,4.3,9,9.5,10.7,14.1,0.579150579,3.474903475,405800,1.701330705,0.66,0.034,12377.6,411189,223.242,Delaware
3,1963,2012,1008,4.2,4.3,7.2,7.7,8.7,13.9,0.492831541,5.264336918,487700,0.221857699,0.58,0.012,5473.8,299821,223.242,District of Columbia
3,1005,2012,55170,5.4,4.9,8.4,9.3,10.1,16,0.991707275,5.950243652,10247800,0.302796698,0.71,0.001,4861.9,9050008,223.242,Florida
3,907,2012,20516,5.4,4.4,9.1,9.9,10.7,15.7,0.824484697,5.038517593,5124500,0.185364426,0.63,0.001,3790.3,4115884,223.242,Georgia
1,1928,2012,6246,3.3,3.2,6,6.4,7.5,12.8,0.451783767,5.296775199,680300,0.959870645,0.58,0.004,2391.1,525678,232.376,Hawaii
1,638,2012,2928,2.3,2.6,5.1,5.3,6.1,10,0.181829202,3.903266865,1691300,0.162537693,0.57,0.002,2636.6,676966,232.376,Idaho
2,1185,2012,1968,3.6,3.2,7.1,7.4,8.3,14,0.336700337,5.775705776,856800,0.234827264,0.64,0.003,2078.8,5307206,219.1,Illinois
2,718,2012,14144,5.3,4.9,8.7,9.3,10,16,0.630290206,6.030834341,6482400,0.164183019,0.64,0.001,4147.8,2815823,219.1,Indiana
2,775,2012,6259,3.9,4.6,8.3,8.6,9.3,14.2,0.357708135,4.963596075,3411800,0.154112199,0.58,0.001,3456.9,1348811,219.1,Iowa
2,770,2012,2684,2.6,2.8,5.6,5.9,6.7,10.2,0.33065659,3.569741548,1485100,0.149215541,0.61,0.002,3545,1241996,219.1,Kansas
3,734,2012,5230,3.9,4.3,8,8.4,9.2,13.8,0.458029989,4.676727255,2066800,0.178440101,0.58,0.001,2225.1,1941036,223.242,Kentucky
3,893,2012,7772,3.9,3,7.1,7.6,8.5,11.9,0.558121632,3.45939184,2112700,0.144791026,0.64,0.002,4967.3,1990707,223.242,Louisiana
4,901,2012,17501,3.7,3.9,6.7,7.2,7.9,12.9,0.62996203,5.11448625,3819400,0.525422841,0.65,0.001,4048.3,727156,245.698,Maine
3,1322,2012,9454,3.9,3.8,7,7.6,8.5,12.1,0.623854391,3.665948484,3206800,0.2227766,0.59,0.002,4762.6,2394788,223.242,Maryland
4,1583,2012,2393,3.9,4.4,7.7,8,9.3,15,0.298380222,5.797101449,698300,0.360303594,0.56,0.002,1227.3,2826475,245.698,Massachusetts
2,739,2012,12592,5.2,5,9.1,9.8,11,16.6,0.776769665,5.685611572,4902500,0.170341662,0.62,0.001,4543.6,4539436,219.1,Michigan
2,983,2012,7744,2.7,3.1,5.8,6,6.9,11.7,0.305540467,4.79359044,3073000,0.235698015,0.6,0.001,2308.2,2362661,219.1,Minnesota
3,749,2012,10237,3.5,4.1,6.9,7.3,8,12.5,0.45389789,4.572110128,3065500,0.191909966,0.61,0.001,4506.7,1287291,223.242,Mississippi
2,753,2012,2413,5,4.4,8.9,9.4,11.1,15.1,0.594521373,4.124021674,1277100,0.10586485,0.6,0.002,2607.8,2726547,219.1,Missouri
1,763,2012,1833,2.6,3.1,6.1,6.4,7,13.7,0.316080601,6.815487949,524900,0.267670032,0.63,0.005,2722,489178,232.376,Montana
2,699,2012,13524,5.7,5,9.2,9.6,10.7,16.3,0.48790881,5.620539043,4990600,0.185709133,0.6,0.001,3535.8,806064,219.1,Nebraska
1,862,2012,688,1,1.5,3.2,3.4,3.9,6.1,0.177755206,2.285424073,397800,0.136249372,0.62,0.006,2437.8,1186965,232.376,Nevada
4,1116,2012,3789,1.7,1.9,4,4.3,4.7,8.8,0.272718418,4.119996104,1032000,0.234593023,0.6,0.003,2593.8,619517,245.698,New Hampshire
4,1406,2012,1496,2.9,3.3,5.6,6,6.7,11.2,0.365506972,4.589143089,762100,0.190263745,0.6,0.003,1877.6,3571407,245.698,New Jersey
1,772,2012,13025,5.9,5.9,9.5,10.1,11,15.7,0.730723089,4.798778493,4487300,0.209435518,0.65,0.001,2898.9,912663,232.376,New Mexico
4,1574,2012,3245,3.9,3.4,7.1,7.5,8.8,14.1,0.441269174,5.431813406,946000,0.269661734,0.6,0.006,5592.9,8170562,245.698,New York
3,825,2012,8497,6.4,6.3,11,11.9,13.3,20.3,1.093016432,7.240316901,1522700,0.495435739,0.7,0.004,6084.9,4386942,223.242,North Carolina
2,763,2012,69566,5.5,5,8.7,9.3,10.3,14.9,0.725229185,4.600443719,9703900,0.947010996,0.71,0,4060.3,330734,219.1,North Dakota
2,713,2012,13977,3.7,3.8,7.2,7.7,8.6,13.6,0.537587489,5.019810448,5755100,0.178085524,0.58,0.001,2994.8,5140803,219.1,Ohio
3,701,2012,5032,2.2,2.9,5.1,5.4,6.3,9.6,0.313445147,3.260929337,1843600,0.209969625,0.62,0.003,4689.2,1679939,223.242,Oklahoma
1,841,2012,15828,4.2,5.1,8.9,9.1,10.1,17.2,0.229849831,7.130452549,2088600,0.693095854,0.59,0.001,2475.5,1691053,232.376,Oregon
4,914,2012,14736,4.3,4.7,7.8,8.3,9.2,13.9,0.555146608,4.790823212,6441300,0.209771319,0.61,0.001,3484.2,5599313,245.698,Pennsylvania
4,1133,2012,1277,6.3,6.6,10.5,10.9,11.8,17.6,0.430261743,5.969881678,559400,0.196818019,0.6,0.005,2519,464684,245.698,Rhode Island
3,779,2012,4915,5.4,4.9,9.4,10.1,11.2,15.8,0.745163381,4.66537073,2319600,0.169555096,0.6,0.003,5591,2164116,223.242,South Carolina
2,623,2012,859,1.4,2,4.6,4.9,5.5,8.5,0.340754203,2.975920036,458200,0.252946312,0.63,0.007,3213.4,369616,219.1,South Dakota
3,799,2012,9426,4.2,4.4,7.8,8.4,9.1,13.3,0.601085832,4.304550155,3247500,0.24274057,0.61,0.002,6436.4,2839114,223.242,Tennessee
3,873,2012,34052,3.3,3.3,6.7,7.1,7.8,12.1,0.419307115,4.34734452,13876400,0.18239601,0.65,0,4081.1,10167982,223.242,Texas
1,755,2012,3527,2.7,3,5.8,6.2,6.8,11.2,0.366273533,4.461211633,1553100,0.185178031,0.62,0.002,2057.2,1000440,232.376,Utah
4,1432,2012,8424,3.2,2.8,6,6.5,7.3,11.7,0.518630052,4.536220454,4362000,0.13697845,0.61,0,1899.6,325822,245.698,Vermont
3,1293,2012,1160,2.1,2.9,5.1,5.4,6.3,11,0.336889388,4.744525547,345900,0.373229257,0.59,0.004,1425.6,3400397,223.242,Virginia
1,1040,2012,20504,4.3,4.7,8.3,8.7,10.1,16.9,0.42658673,6.978151842,3778900,0.590224669,0.62,0.001,2955.7,2929011,232.376,Washington
3,825,2012,6027,3.5,4,7.1,7.5,8.4,13.1,0.418247252,4.740135525,3123200,0.157114498,0.59,0.001,2805.2,884786,223.242,West Virginia
2,675,2012,2410,3.9,4.1,7.4,7.9,8.5,13.1,0.517815313,4.598693133,782400,0.158870143,0.55,0.004,3161.7,2638997,219.1,Wisconsin
1,888,2012,1813,2.1,2.5,5.5,5.7,6.4,10,0.229734165,3.64292747,287400,0.222338205,0.65,0.007,2011.9,266848,232.376,Wyoming
3,748,2013,1946,2.7,3.3,6.6,7,8,12.1,0.436086127,4.115562824,366000,0.504098361,0.56,0.016,6033.7,2206994,226.721,Alabama
1,1346,2013,4689,3.6,3.7,6.9,7.7,8.7,12.2,0.878477306,3.555087848,2161900,0.175447523,0.58,0.002,4504.3,311249,235.824,Alaska
1,794,2013,3812,3.7,3.8,7.8,8.4,9.6,13.7,0.59646708,4.167622543,1361900,0.18114399,0.6,0.004,4690.6,2891278,235.824,Arizona
3,705,2013,10562,3.9,3.7,8,8.7,10,16,0.688462434,6.122991985,3297700,0.271310307,0.62,0.001,4289.2,1338838,226.721,Arkansas
1,1642,2013,118552,5,4.8,8.9,9.4,10.4,17.3,0.607295045,7.016857396,19223500,0.684225037,0.67,0,4229.1,13828112,235.824,California
1,1027,2013,9754,3.4,3.3,6.6,6.9,7.6,12.5,0.297716298,4.872381367,3017000,0.362611866,0.61,0.001,3086.3,2261410,235.824,Colorado
4,1168,2013,4448,4.4,4.4,7.7,8.2,9.1,13.9,0.624831673,4.917856181,1915400,0.176882113,0.68,0.002,2827.3,1498183,249.038,Connecticut
3,918,2013,6865,5.5,4.3,8.6,9.2,10.4,14.1,0.619612069,3.825431034,400800,1.864520958,0.64,0.033,12377.6,414555,226.721,Delaware
3,2015,2013,946,3.8,4,7,7.6,8.4,13.5,0.615735462,5.108323831,477200,0.208298407,0.57,0.012,5473.8,302494,226.721,District of Columbia
3,1049,2013,47862,4.3,4.1,7.1,7.9,8.6,14.3,0.841520672,5.740146047,10112700,0.318312617,0.69,0.001,4861.9,9100952,226.721,Florida
3,915,2013,16971,4.8,4,8.2,9,9.9,14.8,0.855781797,4.980818684,5060800,0.201035409,0.63,0.001,3790.3,4134091,226.721,Georgia
1,1599,2013,6335,2.4,2.1,4.8,5.5,6.6,11.5,0.677966102,5.053929122,684600,1.054630441,0.57,0.004,2391.1,528390,235.824,Hawaii
1,652,2013,3084,1.7,2.3,4.7,4.9,5.5,9.2,0.214349509,3.715391486,1678800,0.16416488,0.55,0.002,2636.6,683117,235.824,Idaho
2,1200,2013,1781,2.3,2.9,6.5,6.9,7.7,12.7,0.375988591,5.069363412,831400,0.24500842,0.62,0.003,2078.8,5313235,222.17,Illinois
2,744,2013,13425,5.2,5,9.1,9.6,10.4,16,0.583841463,5.739329268,6455200,0.167275995,0.63,0.001,4147.8,2826191,222.17,Indiana
2,804,2013,6096,3.9,4.2,7.7,7.9,8.7,13.2,0.323015649,4.600620943,3313900,0.164096684,0.57,0.001,3456.9,1356486,222.17,Iowa
2,824,2013,2693,2.3,2.7,5.6,5.9,6.8,11,0.328132324,4.292506529,1479600,0.154568802,0.6,0.002,3545,1246678,222.17,Kansas
3,766,2013,5245,4,4.1,8.1,8.7,9.7,15,0.615548662,5.447848003,2073400,0.194125591,0.57,0.001,2225.1,1948915,226.721,Kentucky
3,905,2013,5226,3.4,3.3,7,7.5,8.6,12.7,0.520286396,4.190930788,2113900,0.15634609,0.62,0.002,4967.3,2002995,226.721,Louisiana
4,1031,2013,19029,3.7,4.1,7,7.4,8.4,13.2,0.448082723,4.865718799,3665800,0.47915871,0.64,0.001,4048.3,729650,249.038,Maine
3,1361,2013,8205,3.5,3.7,6.7,7.3,8.4,12.5,0.632790029,4.157877916,3213400,0.225524367,0.59,0.002,4762.6,2404439,226.721,Maryland
4,1759,2013,3016,3,3.7,6.8,7,7.9,13.7,0.23943662,5.85915493,701900,0.324832597,0.56,0.002,1227.3,2838360,249.038,Massachusetts
2,743,2013,11527,4.7,4.2,8.6,9.2,10.1,15.3,0.596509783,5.298783712,4867800,0.185936152,0.61,0.001,4543.6,4546128,222.17,Michigan
2,1058,2013,8214,2.1,2.7,4.9,5.2,5.9,10.6,0.28061397,4.746771249,3099000,0.247434656,0.59,0.001,2308.2,2375719,222.17,Minnesota
3,758,2013,8581,3.6,3.9,6.6,6.8,7.6,11.6,0.311753781,4.039533033,3009600,0.200591441,0.6,0.001,4506.7,1293519,226.721,Mississippi
2,757,2013,2403,4.9,4.4,8.8,9.3,10.1,14.6,0.571655419,4.573243351,1280600,0.114946119,0.58,0.002,2607.8,2735762,222.17,Missouri
1,800,2013,1878,1.9,2.9,5.5,5.9,6.6,11.6,0.45027408,5.01174628,521500,0.293192713,0.61,0.005,2722,492074,235.824,Montana
2,692,2013,12168,4.6,4.3,7.9,8.6,9.3,14.7,0.76551946,5.42939852,4905900,0.182678,0.59,0.001,3535.8,811158,222.17,Nebraska
1,838,2013,2069,0.9,1.5,2.9,3,3.5,5.6,0.196608503,2.211845662,416200,0.261653051,0.59,0.006,2437.8,1195523,235.824,Nevada
4,1142,2013,3145,1.5,1.8,4.1,4.3,4.7,8,0.203784571,3.299369238,1005100,0.248830962,0.58,0.003,2593.8,621535,249.038,New Hampshire
4,1399,2013,1447,2.5,3,5.2,5.4,6.2,10.9,0.215227334,4.788808179,741000,0.196491228,0.58,0.003,1877.6,3577670,249.038,New Jersey
1,757,2013,12002,5.1,4.7,8.2,8.8,9.8,14.7,0.735083111,4.971192689,4490900,0.190073259,0.64,0.001,2898.9,917527,235.824,New Mexico
4,1647,2013,2819,4.1,3.3,7.2,7.7,9.2,13.7,0.588235294,4.673202614,928700,0.267255303,0.59,0.006,5592.9,8194675,249.038,New York
3,851,2013,7039,5.5,5.6,9.8,10.8,11.7,18.1,1.106130711,6.564488143,1454200,0.538646679,0.69,0.004,6084.9,4428155,226.721,North Carolina
2,865,2013,77430,4.6,4.5,7.6,8.3,9.2,13.8,0.703460404,4.690425697,9698500,0.92285405,0.7,0,4060.3,341613,222.17,North Dakota
2,736,2013,12325,3.9,3.9,7.6,8,8.9,13.6,0.45972171,4.797248688,5777800,0.174720482,0.57,0.001,2994.8,5149978,222.17,Ohio
3,753,2013,4408,2.2,2.7,5.6,5.9,6.8,10.2,0.369064669,3.470309574,1839100,0.228318199,0.6,0.003,4689.2,1690266,226.721,Oklahoma
1,881,2013,13822,3.9,4.2,7.9,8.2,9.1,16.5,0.311296365,7.439455495,2123200,0.657168425,0.58,0.001,2475.5,1701207,235.824,Oregon
4,954,2013,15086,4.2,4.2,7.5,8,9,13.4,0.532876141,4.479248722,6395700,0.221054771,0.6,0.001,3484.2,5614800,249.038,Pennsylvania
4,989,2013,1384,5.2,5.3,9.2,9.6,10.5,15.5,0.487012987,5.122655123,555200,0.212536023,0.59,0.005,2519,465158,249.038,Rhode Island
3,809,2013,6544,3.8,3.7,7.6,8.5,9.6,14,1.008804109,4.466250917,2286900,0.171236171,0.58,0.003,5591,2179874,226.721,South Carolina
2,775.5,2013,1094,1.2,1.7,3.6,3.9,4.3,7.1,0.246085011,2.796420582,459500,0.205223069,0.61,0.007,3213.4,373546,222.17,South Dakota
3,813,2013,9528,3.9,3.8,8,8.6,9.3,14.7,0.563830134,5.452530717,3195200,0.260046319,0.6,0.002,6436.4,2855320,226.721,Tennessee
3,904,2013,29615,2.9,2.9,6.3,6.6,7.3,11.3,0.345988405,4.074714793,13490500,0.174552463,0.65,0,4081.1,10298263,226.721,Texas
1,827,2013,3277,1.6,2,4.4,4.7,5.3,9.7,0.323624595,4.481497116,1569500,0.181713922,0.6,0.001,2057.2,1013360,235.824,Utah
4,1432,2013,7625,2.9,2.6,5.6,6,6.9,11.5,0.439674735,4.668589259,4294100,0.141286882,0.59,0,1899.6,327317,249.038,Vermont
3,1341,2013,1454,1.7,2.2,4.3,4.6,5.3,9.3,0.285714286,4.114285714,345100,0.354969574,0.58,0.004,1425.6,3421133,226.721,Virginia
1,1067,2013,17760,3.1,3.5,7,7.3,8.3,14,0.338130744,5.780012716,3718400,0.567771084,0.6,0.001,2955.7,2956354,235.824,Washington
3,843,2013,6104,3.4,3.7,6.7,7,7.7,12.1,0.323342064,4.445953374,3168000,0.158680556,0.58,0.001,2805.2,886383,226.721,West Virginia
2,700,2013,2240,3.6,3.7,6.6,7.1,7.9,12,0.548765278,4.215515091,782100,0.167369902,0.54,0.004,3161.7,2647095,222.17,Wisconsin
1,888,2013,953,1.6,2.2,4.6,4.9,5.5,8.4,0.291356426,2.978310133,294100,0.29683781,0.67,0.007,2011.9,268983,235.824,Wyoming
3,760,2014,1784,2.5,3.6,7.1,7.6,8.4,11.5,0.518417462,3.219645293,357400,0.542809177,0.56,0.016,6033.7,2206994,230.552,Alabama
1,1293,2014,4561,3.8,3.6,7.1,7.6,8.6,12.6,0.507731364,4.112624048,2171900,0.189281274,0.58,0.002,4504.3,311249,240.215,Alaska
1,837,2014,2936,2.1,2.9,6,6.1,6.9,10.2,0.162049541,3.333590555,1351300,0.182268926,0.6,0.004,4690.6,2891278,240.215,Arizona
3,735,2014,10495,3.3,3.1,7,7.6,8.6,14.7,0.651497472,6.14870997,3235700,0.299996909,0.62,0.001,4289.2,1338838,230.552,Arkansas
1,1728,2014,113952,3.8,3.9,7.5,8,9,15.2,0.522028423,6.338687334,19193000,0.615547335,0.67,0,4229.1,13828112,240.215,California
1,1079,2014,10028,2.4,2.4,4.9,5.1,5.7,9.4,0.23500089,3.713726188,2904200,0.363266993,0.61,0.001,3086.3,2261410,240.215,Colorado
4,1173,2014,4450,3.7,3.7,6.6,7.2,8,12.6,0.653560323,4.66452327,1905500,0.204775649,0.68,0.001,2827.3,1498183,252.463,Connecticut
3,1086,2014,7748,5.1,3.6,7.8,8.3,9,11.9,0.449260042,2.933403805,395000,2.113924051,0.64,0.033,12377.6,414555,230.552,Delaware
3,1945,2014,901,3,3,5.8,6.5,7.1,11.2,0.663716814,4.137168142,474500,0.225500527,0.57,0.012,5473.8,302494,230.552,District of Columbia
3,1109,2014,41542,3.5,3.2,6.3,6.8,7.5,12.8,0.624727137,5.360595414,9759400,0.343863352,0.69,0.001,4861.9,9100952,230.552,Florida
3,976,2014,16521,4,3.2,7.2,7.9,8.8,13.3,0.662125167,4.575454681,4936100,0.261522254,0.63,0.001,3790.3,4134091,230.552,Georgia
1,1928,2014,6918,1.9,1.8,4.4,4.7,5.6,10.2,0.374139479,4.6692607,690500,1.147139754,0.57,0.004,2391.1,528390,240.215,Hawaii
1,681,2014,3122,1.6,2.6,4.6,4.8,5.3,8.8,0.227830354,3.540133193,1713800,0.178783989,0.55,0.002,2636.6,683117,240.215,Idaho
2,1288,2014,2104,1.5,2.3,4.7,4.8,5.6,10.3,0.129584035,4.729817287,808800,0.277818991,0.62,0.003,2078.8,5313235,225.425,Illinois
2,756,2014,13107,3.9,3.8,7,7.4,8.2,12.7,0.420090764,4.614865694,6578400,0.176182658,0.63,0.001,4147.8,2826191,225.425,Indiana
2,839,2014,5971,2.5,3.2,6.1,6.5,7.3,11.3,0.511840158,4.048470646,3348300,0.1731625,0.57,0.001,3456.9,1356486,225.425,Iowa
2,800,2014,2783,1.7,2.3,4.6,4.8,5.6,9.1,0.292923241,3.461820119,1490100,0.151332125,0.6,0.002,3545,1246678,225.425,Kansas
3,789,2014,5089,3.1,3.2,6.5,6.8,7.8,11.7,0.344036697,3.928998803,2003900,0.211437696,0.57,0.001,2225.1,1948915,230.552,Kentucky
3,934,2014,4606,2.9,2.8,6.4,6.9,7.8,11.3,0.555812876,3.584993052,2132300,0.187309478,0.62,0.002,4967.3,2002995,230.552,Louisiana
4,1024,2014,21237,2.9,3.1,5.8,6.1,7,11.5,0.379853686,4.622960045,3598900,0.544833143,0.64,0.001,4048.3,729650,252.463,Maine
3,1380,2014,7856,3.2,2.7,5.8,6.2,7.2,10.7,0.462080331,3.615859372,3186500,0.241299231,0.59,0.002,4762.6,2404439,230.552,Maryland
4,1853,2014,2726,2.4,3.1,5.7,6.2,7.1,11.9,0.503452244,4.876294591,693100,0.323329967,0.56,0.002,1227.3,2838360,252.463,Massachusetts
2,768,2014,12227,3.5,3.7,7.2,7.6,8.6,13.9,0.437820999,5.409615223,4853400,0.191947913,0.61,0.001,4543.6,4546128,225.425,Michigan
2,1092,2014,8377,1.7,2.2,4,4.3,5,8.7,0.319424364,3.685148448,2985300,0.245904934,0.59,0.001,2308.2,2375719,225.425,Minnesota
3,800,2014,7282,2.8,3.6,6.4,6.8,7.5,11.8,0.435894074,4.30650236,3141900,0.197141857,0.6,0.001,4506.7,1293519,230.552,Mississippi
2,770,2014,2226,4.1,3.5,7.7,8.4,9.4,13.6,0.796230094,4.281767956,1281300,0.135643487,0.58,0.002,2607.8,2735762,225.425,Missouri
1,815,2014,1745,1.5,2.6,4.6,4.9,5.7,10.3,0.248044266,4.674680405,521900,0.271699559,0.61,0.005,2722,492074,240.215,Montana
2,769,2014,11491,3.2,2.8,6.2,6.8,7.6,12.1,0.642116831,4.53575815,4873100,0.196158503,0.59,0.001,3535.8,811158,225.425,Nebraska
1,837,2014,1258,0.8,1.3,2.8,3,3.5,5.4,0.142382534,1.922164215,428500,0.215402567,0.59,0.006,2437.8,1195523,240.215,Nevada
4,1180,2014,3026,1.1,1.6,3.3,3.5,4.1,7,0.245676101,2.879323899,1014000,0.271597633,0.58,0.003,2593.8,621535,252.463,New Hampshire
4,1465,2014,1376,1.9,2.4,4.2,4.5,5.2,9.7,0.244266522,4.573212105,750700,0.181963501,0.58,0.003,1877.6,3577670,252.463,New Jersey
1,768,2014,11671,3.8,4.1,6.7,7.1,8,12.4,0.448638614,4.464285714,4553200,0.195357111,0.64,0.001,2898.9,917527,240.215,New Mexico
4,1796,2014,2746,4,2.6,7,7.6,9.1,13.2,0.567995631,4.150737302,933100,0.242524917,0.59,0.006,5592.9,8194675,252.463,New York
3,898,2014,8582,4.2,4,7.7,8.4,9.4,15.3,0.686168292,6.074395088,1416700,0.522199478,0.69,0.004,6084.9,4428155,230.552,North Carolina
2,905,2014,80590,3.6,3.6,6.4,6.9,7.9,12.4,0.62377678,4.604016871,9624800,0.897182279,0.7,0,4060.3,341613,225.425,North Dakota
2,752,2014,11823,2.6,2.6,5.6,6,6.8,10.9,0.447889147,4.158720717,5736800,0.181355459,0.57,0.001,2994.8,5149978,225.425,Ohio
3,771,2014,4191,1.6,2,4.5,5,5.9,8.6,0.541424624,2.707123118,1836300,0.223656265,0.6,0.003,4689.2,1690266,230.552,Oklahoma
1,963,2014,12164,3.2,3.7,7.1,7.4,8.3,14.2,0.361085319,5.937274322,2061000,0.642309558,0.58,0.001,2475.5,1701207,240.215,Oregon
4,972,2014,15333,2.8,3.1,5.7,6.2,7.2,11.6,0.568760478,4.463907996,6506600,0.235745243,0.6,0.001,3484.2,5614800,252.463,Pennsylvania
4,1028,2014,1190,4.2,4.3,7.7,8.1,9,13.5,0.397542465,4.553668233,551000,0.210526316,0.59,0.005,2519,465158,252.463,Rhode Island
3,888,2014,5057,3.2,2.7,6.4,7.1,8.2,12.5,0.693940493,4.440312046,2315700,0.218119791,0.58,0.003,5591,2179874,230.552,South Carolina
2,725,2014,885,1,1.5,3.5,3.7,4.2,6.4,0.244118953,2.174877941,452200,0.237063246,0.61,0.007,3213.4,373546,225.425,South Dakota
3,843,2014,9415,2.8,3.4,6.6,7.1,8,13.1,0.520005299,5.20336513,3146700,0.278990689,0.6,0.002,6436.4,2855320,230.552,Tennessee
3,1012,2014,28495,2,2.2,5,5.4,6.1,9.9,0.340694587,3.874249935,13343500,0.173282872,0.65,0,4081.1,10298263,230.552,Texas
1,854,2014,3081,1.2,1.8,3.9,4.2,4.8,8.2,0.294220665,3.488616462,1508900,0.186029558,0.6,0.001,2057.2,1013360,240.215,Utah
4,1162,2014,7020,2.4,2.4,5.2,5.5,6.5,10.4,0.386136529,3.936252369,4217600,0.148615326,0.59,0,1899.6,327317,252.463,Vermont
3,1343,2014,1559,1.4,2.2,4.2,4.5,5.1,8.8,0.316182811,3.765449842,346300,0.3225527,0.58,0.004,1425.6,3421133,230.552,Virginia
1,1179,2014,18442,2.6,3.2,6.3,6.6,7.5,12.5,0.296590647,5.053559088,3639300,0.572280384,0.6,0.001,2955.7,2956354,240.215,Washington
3,855,2014,6055,2.4,3.2,5.6,5.8,6.8,10.3,0.235948156,3.584472672,3128700,0.181704861,0.58,0.001,2805.2,886383,230.552,West Virginia
2,892,2014,2013,3.2,3.3,6.6,7.1,8.1,12.4,0.604914934,4.461247637,787300,0.176171726,0.54,0.004,3161.7,2647095,225.425,Wisconsin
1,911,2014,757,1.4,1.9,4.4,4.5,5,7.5,0.161290323,2.483870968,310000,0.244193548,0.67,0.006,2011.9,268983,240.215,Wyoming
3,781,2015,1956,2.3,3.8,6.7,7.2,8.6,12.1,0.497374965,3.592152528,361900,0.540480796,0.56,0.017,6033.7,2229279,230.147,Alabama
1,1412,2015,3970,2.7,2.5,6.1,6.8,7.5,11.2,0.695249131,3.703360371,2157500,0.18400927,0.58,0.002,4504.3,313941,243.015,Alaska
1,888,2015,2560,1.9,2.6,5.2,5.6,6.4,9.5,0.426455185,3.217118061,1336600,0.19153075,0.6,0.004,4690.6,2937060,243.015,Arizona
3,736,2015,9896,2.2,3,6,6.5,7.4,12.8,0.440626387,5.503074875,3154600,0.313700628,0.62,0.001,4289.2,1353037,230.147,Arkansas
1,1902,2015,115738,2.8,3,6.2,6.5,7.4,12.7,0.391230531,5.390755992,18965800,0.610245811,0.67,0,4229.1,13986110,243.015,California
1,1241,2015,9953,1.3,1.9,3.9,4,4.3,7.9,0.128553064,3.628053135,2800400,0.355413512,0.61,0.001,3086.3,2317449,243.015,Colorado
4,1199,2015,4047,2.8,3.5,5.6,6.1,6.9,10.9,0.495676018,4.102510019,1896400,0.213404345,0.68,0.001,2827.3,1507332,252.185,Connecticut
3,1048,2015,7298,4.4,2.8,6.9,7.3,8.1,10.9,0.362506473,2.770585189,386200,1.889694459,0.64,0.032,12377.6,423140,230.147,Delaware
3,1952,2015,953,2.5,3,5,5.4,5.9,9.6,0.384944397,3.69974337,467600,0.203806672,0.57,0.012,5473.8,307569,230.147,District of Columbia
3,1178,2015,35900,2.8,2.6,5.4,6,6.7,11.5,0.583881924,4.854501237,9539600,0.376326051,0.69,0.001,4861.9,9242785,230.147,Florida
3,1060,2015,13790,3.1,2.6,5.8,6.3,7.2,11.1,0.524619177,3.95044561,4746300,0.290542106,0.63,0.001,3790.3,4196753,230.147,Georgia
1,1815,2015,7620,1.5,1.6,3.7,4.1,5.3,9.7,0.398406375,4.485760661,677700,1.124391324,0.57,0.004,2391.1,534727,243.015,Hawaii
1,723,2015,3081,0.9,1.8,3.6,3.7,4.3,7,0.088235294,2.717647059,1700000,0.181235294,0.55,0.002,2636.6,700089,243.015,Idaho
2,1337,2015,1966,1.4,2.2,4.3,4.4,5,8.6,0.149775337,3.569645532,801200,0.245381927,0.62,0.003,2078.8,5333605,224.21,Illinois
2,770,2015,13177,3,3,5.9,6.4,7.2,10.9,0.460172104,3.790284233,6519300,0.202122927,0.63,0.001,4147.8,2854692,224.21,Indiana
2,806,2015,5863,1.7,2.3,4.8,5.1,5.8,9,0.320826204,3.226594965,3272800,0.179143241,0.57,0.001,3456.9,1375377,224.21,Iowa
2,815,2015,2588,1.6,2.1,4.3,4.6,5.2,8.2,0.234160701,3.097611561,1494700,0.173145113,0.6,0.002,3545,1259013,224.21,Kansas
3,798,2015,4538,2,2.6,5.4,5.7,6.5,10.3,0.32882906,3.843189642,1946300,0.233160356,0.57,0.001,2225.1,1963484,230.147,Kentucky
3,992,2015,4081,2.2,3.1,6.2,6.7,7.5,11.1,0.563224228,3.573242233,2166100,0.188403121,0.62,0.002,4967.3,2030568,230.147,Louisiana
4,984,2015,21135,2.3,2.7,4.9,5.2,6,9.7,0.32347118,3.772900923,3586100,0.589358914,0.64,0.001,4048.3,735445,252.185,Maine
3,1395,2015,8390,2.5,2.3,5.2,5.5,6.3,9.3,0.358535665,3.028682853,3179600,0.263869669,0.59,0.001,4762.6,2426688,230.147,Maryland
4,1946,2015,2372,1.7,2.2,4.4,4.7,5.6,9.8,0.339083002,4.260651629,678300,0.349697774,0.56,0.002,1227.3,2865750,252.185,Massachusetts
2,795,2015,10516,2.4,2.8,5.4,5.9,6.8,11.4,0.497627346,4.65082098,4762600,0.220803763,0.61,0.001,4543.6,4564392,224.21,Michigan
2,1130,2015,7546,1.2,2.3,3.8,4.1,4.7,8.2,0.310846561,3.488756614,3024000,0.249537037,0.59,0.001,2308.2,2403435,224.21,Minnesota
3,825,2015,6482,1.5,2.9,5,5.4,5.9,9.3,0.366937041,3.386120767,3106800,0.208639114,0.6,0.001,4506.7,1307860,230.147,Mississippi
2,762,2015,1983,2.8,3.1,6.5,6.9,7.7,11.7,0.51510185,3.980332475,1281300,0.154764692,0.58,0.002,2607.8,2760166,224.21,Missouri
1,778,2015,1709,1.4,2.3,4.1,4.4,4.9,9,0.306220096,4.09569378,522500,0.32708134,0.61,0.005,2722,500869,243.015,Montana
2,752,2015,10685,2.6,2.6,5.9,6.4,7.1,11.3,0.611895414,4.249853813,4788400,0.22314343,0.59,0.001,3535.8,823898,224.21,Nebraska
1,895,2015,1305,0.7,1.4,2.7,2.9,3.4,5.3,0.168959691,1.930967898,414300,0.314989138,0.59,0.006,2437.8,1218584,243.015,Nevada
4,1192,2015,2744,0.9,1.3,3,3.2,4,6.7,0.160192231,2.723267922,998800,0.274729676,0.58,0.003,2593.8,627425,252.185,New Hampshire
4,1498,2015,1445,1.3,1.9,3.4,3.7,4.2,8,0.255892256,3.797979798,742500,0.194612795,0.58,0.003,1877.6,3593716,252.185,New Jersey
1,768,2015,10098,3.2,3.4,5.8,6.2,6.9,10.4,0.44888439,3.632882982,4544600,0.222197773,0.64,0.001,2898.9,927833,243.015,New Mexico
4,1876,2015,2629,2.9,3.1,6.8,7.2,8.2,12.6,0.465418335,4.459357073,923900,0.284554605,0.59,0.006,5592.9,8244474,252.185,New York
3,912,2015,8743,3,3.5,6.9,7.3,8.3,13.9,0.489818767,5.69589252,1429100,0.61178364,0.69,0.004,6084.9,4515670,230.147,North Carolina
2,1057,2015,88250,2.5,2.4,5.3,5.8,6.7,10.6,0.587268272,3.94131453,9671900,0.91243706,0.7,0,4060.3,364908,224.21,North Dakota
2,784,2015,11182,2,2.1,4.9,5.3,6.3,10.1,0.428701947,3.891700049,5691600,0.196464966,0.57,0.001,2994.8,5173970,224.21,Ohio
3,754,2015,3777,1.5,2,4.3,4.6,5.3,8,0.370529481,2.776286113,1862200,0.202824616,0.6,0.003,4689.2,1714121,230.147,Oklahoma
1,1080,2015,13226,2.1,2.9,5.7,6.1,6.8,11.7,0.445126631,4.978255308,1954500,0.676694807,0.58,0.001,2475.5,1731363,243.015,Oregon
4,998,2015,15421,2.4,2.7,5.2,5.5,6.4,10.7,0.360494748,4.358567966,6435600,0.239620237,0.6,0.001,3484.2,5654342,252.185,Pennsylvania
4,1102,2015,1111,3.3,3.4,5.9,6.2,7.1,11.4,0.250312891,4.34471661,559300,0.198641159,0.59,0.005,2519,466516,252.185,Rhode Island
3,950,2015,5354,2.7,2.8,5.9,6.4,7.2,11.4,0.546567556,4.197638828,2287000,0.234105815,0.58,0.002,5591,2225873,230.147,South Carolina
2,763,2015,1036,1.1,1.2,3.5,3.7,4.3,6.3,0.219490781,2.019315189,455600,0.22739245,0.61,0.007,3213.4,383233,224.21,South Dakota
3,876,2015,9123,2.3,2.7,5.7,6.2,6.9,10.7,0.576406204,3.859978628,3088100,0.295424371,0.6,0.002,6436.4,2898726,230.147,Tennessee
3,1095,2015,23678,1.6,2.1,4.4,4.8,5.3,8.4,0.372787296,3.096056141,13010100,0.181997064,0.65,0,4081.1,10604437,230.147,Texas
1,856,2015,3025,1,1.6,3.6,3.8,4.3,7.5,0.28842192,3.165773932,1456200,0.207732454,0.6,0.001,2057.2,1045154,243.015,Utah
4,1371,2015,7001,2,2,4.5,4.8,5.6,9.8,0.367446602,4.297939928,4218300,0.165967333,0.59,0,1899.6,330900,252.185,Vermont
3,1346,2015,1523,1.1,1.8,3.6,3.9,4.7,8.2,0.319488818,3.543421435,344300,0.442346791,0.58,0.004,1425.6,3467598,230.147,Virginia
1,1284,2015,19419,2.3,2.9,5.6,6,6.8,11,0.342059139,4.237575621,3537400,0.548962515,0.6,0.001,2955.7,3020797,243.015,Washington
3,870,2015,6057,1.7,2.2,4.6,4.8,5.4,8.3,0.239420215,2.908632069,3090800,0.195968681,0.58,0.001,2805.2,889177,230.147,West Virginia
2,777,2015,1835,3.1,3.3,6.9,7.3,8.4,12.4,0.444613821,4.026930894,787200,0.233104675,0.54,0.004,3161.7,2667516,224.21,Wisconsin
1,956,2015,798,1,2.3,4.1,4.3,4.8,8.2,0.195822454,3.394255875,306400,0.260443864,0.67,0.007,2011.9,273221,243.015,Wyoming
3,812,2016,1940,2.5,3.8,6.6,7.2,8.4,12.8,0.55959709,4.448796866,357400,0.542809177,0.56,0.017,6033.7,2242534,232.692,Alabama
1,1381,2016,4111,2.5,2.5,6,6.4,7.1,10.4,0.36373682,3.259818592,2171900,0.189281274,0.58,0.002,4504.3,315376,247.705,Alaska
1,936,2016,2463,1.6,1.6,3.9,4.2,4.7,7.5,0.288610967,2.804706579,1351300,0.182268926,0.6,0.003,4690.6,2966587,247.705,Arizona
3,746,2016,9707,1.8,2.1,5.2,5.5,6.5,10.8,0.380134129,4.357635133,3235700,0.299996909,0.62,0.001,4289.2,1360840,232.692,Arkansas
1,2043,2016,118142,2.2,2.7,5.4,5.7,6.5,11.3,0.3199083,4.793935289,19193000,0.615547335,0.67,0,4229.1,14076191,247.705,California
1,1341,2016,10550,1.5,1.6,3.3,3.4,3.8,7.3,0.137731561,3.51215481,2904200,0.363266993,0.61,0.001,3086.3,2348381,247.705,Colorado
4,1238,2016,3902,2.3,2.9,5.2,5.5,6.6,10.8,0.288638153,4.308580425,1905500,0.204775649,0.68,0.001,2827.3,1512587,254.85,Connecticut
3,1137,2016,8350,3.7,2.6,6.1,6.4,7.5,9.5,0.405063291,2.126582278,395000,2.113924051,0.64,0.031,12377.6,427692,232.692,Delaware
3,2022,2016,1070,1.9,2,4.3,4.6,5.1,8.3,0.316122234,3.245521602,474500,0.225500527,0.57,0.012,5473.8,311282,232.692,District of Columbia
3,1261,2016,33559,2.3,2.2,4.9,5.4,6,10.3,0.537942906,4.359899174,9759400,0.343863352,0.69,0,4861.9,9337960,232.692,Florida
3,1136,2016,12909,2.4,2.5,5.4,5.8,6.9,10.5,0.48013614,3.604059885,4936100,0.261522254,0.63,0.001,3790.3,4235538,232.692,Georgia
1,2023,2016,7921,1.1,1.4,3,3.4,4.2,7.5,0.347574222,3.417813179,690500,1.147139754,0.57,0.003,2391.1,539784,247.705,Hawaii
1,767,2016,3064,0.9,2.1,3.9,4.1,4.6,7.2,0.175049597,2.67825884,1713800,0.178783989,0.55,0.002,2636.6,709792,247.705,Idaho
2,1339,2016,2247,0.9,2,3.9,4,4.6,7.8,0.136003956,3.288822948,808800,0.277818991,0.62,0.003,2078.8,5345080,226.115,Illinois
2,794,2016,11590,2.9,2.9,5.9,6.2,6.9,11,0.37091086,4.124103125,6578400,0.176182658,0.63,0.001,4147.8,2869636,226.115,Indiana
2,839,2016,5798,1.3,2.3,4.5,4.7,5.3,8.3,0.229967446,3.019442702,3348300,0.1731625,0.57,0.001,3456.9,1385575,226.115,Iowa
2,853,2016,2255,1.4,2.2,4.2,4.4,5,8.2,0.187906852,3.194416482,1490100,0.151332125,0.6,0.002,3545,1265735,226.115,Kansas
3,830,2016,4237,2,2.3,4.9,5.5,6,9.7,0.578871201,3.682818504,2003900,0.211437696,0.57,0.001,2225.1,1972675,232.692,Kentucky
3,1031,2016,3994,2.6,3,6.2,6.8,7.5,10.7,0.609670309,3.296909441,2132300,0.187309478,0.62,0.002,4967.3,2043570,232.692,Louisiana
4,1032,2016,19608,1.7,2,3.7,4.2,5,8.1,0.491816944,3.164855928,3598900,0.544833143,0.64,0.001,4048.3,738791,254.85,Maine
3,1406,2016,7689,1.8,2.1,4.2,4.5,5.1,8.1,0.326376903,2.968774517,3186500,0.241299231,0.59,0.001,4762.6,2437510,232.692,Maryland
4,2007,2016,2241,1.6,1.9,3.9,4.2,4.8,8.7,0.274130717,3.953253499,693100,0.323329967,0.56,0.002,1227.3,2881928,254.85,Massachusetts
2,813,2016,9316,1.7,2.5,4.9,5.3,6,10.3,0.37705526,4.316561586,4853400,0.191947913,0.61,0.001,4543.6,4577942,226.115,Michigan
2,1175,2016,7341,1.1,1.9,3.9,4.1,4.7,7.7,0.214383814,3.011422638,2985300,0.245904934,0.59,0.001,2308.2,2419408,226.115,Minnesota
3,866,2016,6194,1.8,2.3,4.4,4.7,5.2,7.8,0.273719724,2.628982463,3141900,0.197141857,0.6,0.001,4506.7,1315323,232.692,Mississippi
2,801,2016,1738,2.6,2.6,5.7,6.2,6.9,10.9,0.452665262,4.05837821,1281300,0.135643487,0.58,0.002,2607.8,2774937,226.115,Missouri
1,830,2016,1418,1.4,2.2,4.2,4.5,5.1,8.5,0.268250623,3.468097337,521900,0.271699559,0.61,0.005,2722,505657,247.705,Montana
2,744,2016,9559,2.3,2.2,5,5.4,6.3,9.4,0.404260122,3.229976811,4873100,0.196158503,0.59,0.001,3535.8,830751,226.115,Nebraska
1,978,2016,923,0.9,1.8,3.3,3.6,3.9,6.2,0.256709452,2.263710618,428500,0.215402567,0.59,0.006,2437.8,1232062,247.705,Nevada
4,1260,2016,2754,1.2,1.5,3.4,3.4,4,6.2,0.088757396,2.199211045,1014000,0.271597633,0.58,0.003,2593.8,630953,254.85,New Hampshire
4,1561,2016,1366,1,1.5,2.8,3,3.6,6.4,0.199813507,2.890635407,750700,0.181963501,0.58,0.003,1877.6,3604554,254.85,New Jersey
1,800,2016,8895,2.4,2.9,4.9,5.4,6,9.7,0.456821576,3.711675305,4553200,0.195357111,0.64,0.001,2898.9,932520,247.705,New Mexico
4,2037,2016,2263,2.5,3.2,6.8,7.3,8.1,12.6,0.514414318,4.640445826,933100,0.242524917,0.59,0.006,5592.9,8283133,254.85,New York
3,964,2016,7398,2.4,3,5.9,6.3,7.1,12.2,0.465871391,5.173995906,1416700,0.522199478,0.69,0.004,6084.9,4567956,232.692,North Carolina
2,918,2016,86352,2.3,2.4,4.8,5.1,6,9.4,0.338708337,3.387083368,9624800,0.897182279,0.7,0,4060.3,370861,226.115,North Dakota
2,839,2016,10404,2,2.2,4.9,5.2,6,9.7,0.266699205,3.721586947,5736800,0.181355459,0.57,0.001,2994.8,5186119,226.115,Ohio
3,821,2016,4107,1.9,2.4,5.1,5.4,6.1,9.2,0.29951533,3.087730763,1836300,0.223656265,0.6,0.003,4689.2,1723754,232.692,Oklahoma
1,1236,2016,13238,1.5,2.3,4.9,5.2,6,10.3,0.305676856,4.42503639,2061000,0.642309558,0.58,0.001,2475.5,1748683,247.705,Oregon
4,1040,2016,15339,2.1,2.9,5.6,5.9,6.7,10.6,0.335044416,3.93139274,6506600,0.235745243,0.6,0.001,3484.2,5673791,254.85,Pennsylvania
4,1196,2016,1160,2.3,3.1,5.4,5.6,6.3,10.1,0.235934664,3.793103448,551000,0.210526316,0.59,0.005,2519,467261,254.85,Rhode Island
3,972,2016,5051,2,2.1,4.9,5.2,6,9.7,0.367059636,3.735371594,2315700,0.218119791,0.58,0.002,5591,2254292,232.692,South Carolina
2,846,2016,1072,0.8,1,2.8,3,3.5,5.2,0.221141088,1.702786378,452200,0.237063246,0.61,0.007,3213.4,387358,226.115,South Dakota
3,937,2016,8779,1.8,2.2,4.7,5.1,5.8,9.4,0.397241555,3.600597451,3146700,0.278990689,0.6,0.002,6436.4,2926477,232.692,Tennessee
3,1157,2016,23122,1.7,2.1,4.6,4.8,5.4,8.6,0.285532282,3.252519954,13343500,0.173282872,0.65,0,4081.1,10770794,232.692,Texas
1,924,2016,2807,1.1,1.7,3.6,3.7,4.3,7.5,0.106037511,3.201007356,1508900,0.186029558,0.6,0.001,2057.2,1062811,247.705,Utah
4,1499,2016,6268,1.6,1.5,4.1,4.4,5.2,9.1,0.407814871,3.905064492,4217600,0.148615326,0.59,0,1899.6,332933,254.85,Vermont
3,1378,2016,1117,0.9,1.6,3.3,3.4,4.2,7.1,0.173260179,2.945423044,346300,0.3225527,0.58,0.004,1425.6,3488808,232.692,Virginia
1,1361,2016,20827,1.7,2.4,5.5,5.8,6.6,10.3,0.335229302,3.668287858,3639300,0.572280384,0.6,0.001,2955.7,3060255,247.705,Washington
3,848,2016,5685,1.5,2.3,4.1,4.3,4.8,7.9,0.198165372,3.132291367,3128700,0.181704861,0.58,0.001,2805.2,890779,232.692,West Virginia
2,800,2016,1387,2.7,2.9,6.1,6.5,7.3,11,0.469960625,3.683475168,787300,0.176171726,0.54,0.004,3161.7,2680115,226.115,Wisconsin
1,935,2016,857,1.8,3.5,5.4,5.7,6.1,10.1,0.297324083,4.030393129,302700,0.283118599,0.67,0.007,2011.9,275057,247.705,Wyoming
3,822,2017,1845,2.9,4.2,7.7,8.4,9.8,13.2,0.737704918,3.49726776,366000,0.504098361,0.56,0.016,6033.7,2258396,237.456,Alabama
1,1316,2017,3793,1.8,2.1,4.3,4.7,5.4,8.2,0.337665942,2.895601092,2161900,0.175447523,0.58,0.002,4504.3,316932,254.738,Alaska
1,1021,2017,2467,1.1,1.8,3.7,3.9,4.6,7.1,0.279021955,2.511197592,1361900,0.18114399,0.6,0.003,4690.6,3000043,254.738,Arizona
3,799,2017,8947,1.7,2,4.7,5,5.8,9.5,0.278982321,3.711677836,3297700,0.271310307,0.62,0.001,4289.2,1370000,237.456,Arkansas
1,2145,2017,131532,1.8,2.3,4.8,5.1,5.7,9.8,0.312117981,4.066897287,19223500,0.684225037,0.67,0,4229.1,14173596,254.738,California
1,1363,2017,10940,1,1.3,2.9,3.1,3.5,6.3,0.14915479,2.744448127,3017000,0.362611866,0.61,0.001,3086.3,2385152,254.738,Colorado
4,1271,2017,3388,2.1,2.7,4.9,5.3,6,10.1,0.407225645,4.14534823,1915400,0.176882113,0.68,0.001,2827.3,1517327,259.538,Connecticut
3,1122,2017,7473,3.4,2.7,6.2,6.5,7.3,9.8,0.274451098,2.54491018,400800,1.864520958,0.64,0.031,12377.6,432796,237.456,Delaware
3,2080,2017,994,2,2.3,4.8,5.3,6,9.7,0.523889355,3.730092205,477200,0.208298407,0.57,0.011,5473.8,314741,237.456,District of Columbia
3,1328,2017,32190,1.8,1.9,4.1,4.4,5,9.1,0.345110603,4.109683863,10112700,0.318312617,0.69,0,4861.9,9439621,237.456,Florida
3,1184,2017,10174,2.2,2.1,4.7,5.1,5.9,8.8,0.464353462,3.003477711,5060800,0.201035409,0.63,0.001,3790.3,4280892,237.456,Georgia
1,2048,2017,7220,0.7,1.2,2.4,2.7,3.4,6,0.306748466,2.570844289,684600,1.054630441,0.57,0.003,2391.1,542853,254.738,Hawaii
1,820,2017,2756,1.1,1.6,3.2,3.5,3.8,6.2,0.279961878,2.430307362,1678800,0.16416488,0.55,0.002,2636.6,721677,254.738,Idaho
2,1351,2017,2037,0.7,1.2,3.2,3.3,3.8,7.1,0.108251143,3.295645898,831400,0.24500842,0.62,0.003,2078.8,5359279,229.874,Illinois
2,824,2017,10798,2.1,2.8,4.9,5.2,5.8,9.2,0.359400174,3.41275251,6455200,0.167275995,0.63,0.001,4147.8,2885017,229.874,Indiana
2,858,2017,5438,1.1,1.8,3.6,3.8,4.4,7,0.253477775,2.625305531,3313900,0.164096684,0.57,0.001,3456.9,1397848,229.874,Iowa
2,847,2017,2287,1.1,1.8,3.6,3.7,4.2,6.9,0.128413085,2.757502028,1479600,0.154568802,0.6,0.002,3545,1273617,229.874,Kansas
3,856,2017,4025,1.9,2.6,5.2,5.4,6,8.8,0.197742838,2.879328639,2073400,0.194125591,0.57,0.001,2225.1,1984001,237.456,Kentucky
3,1084,2017,3305,2.1,2.7,5.1,5.6,6.3,9.7,0.454136903,3.406026775,2113900,0.15634609,0.62,0.002,4967.3,2061222,237.456,Louisiana
4,1046,2017,17565,1.7,2.1,3.9,4.1,4.9,7.4,0.242784658,2.545147035,3665800,0.47915871,0.64,0.001,4048.3,742530,259.538,Maine
3,1420,2017,7247,2,2,4.2,4.4,5,8,0.202277961,2.953258231,3213400,0.225524367,0.59,0.001,4762.6,2448749,237.456,Maryland
4,2086,2017,2280,0.9,1.5,3.3,3.4,4,7.7,0.128223394,3.689984328,701900,0.324832597,0.56,0.002,1227.3,2897460,259.538,Massachusetts
2,838,2017,9051,1.5,2.3,4.7,4.9,5.6,9.1,0.291712889,3.541640988,4867800,0.185936152,0.61,0.001,4543.6,4594731,229.874,Michigan
2,1228,2017,7668,0.9,2.1,3.4,3.5,3.8,6.5,0.106485963,2.649241691,3099000,0.247434656,0.59,0.001,2308.2,2437438,229.874,Minnesota
3,858,2017,6037,1.2,2.2,3.8,4,4.7,7.1,0.229266348,2.428894205,3009600,0.200591441,0.6,0.001,4506.7,1323577,237.456,Mississippi
2,826,2017,1472,2.2,2,5.1,5.5,6.1,9.5,0.40605966,3.412462908,1280600,0.114946119,0.58,0.002,2607.8,2790579,229.874,Missouri
1,871,2017,1529,1.3,1.9,4,4.3,4.9,8.3,0.230105465,3.394055609,521500,0.293192713,0.61,0.005,2722,510322,254.738,Montana
2,776,2017,8962,1.8,2.2,4.5,4.8,5.5,8.2,0.283332314,2.66617746,4905900,0.182678,0.59,0.001,3535.8,837443,229.874,Nebraska
1,1085,2017,1089,0.7,1.2,2.6,2.7,3.1,5.3,0.168188371,2.186448823,416200,0.261653051,0.59,0.006,2437.8,1249429,254.738,Nevada
4,1303,2017,2501,0.8,1.3,2.8,3,3.5,6.1,0.15918814,2.656452094,1005100,0.248830962,0.58,0.003,2593.8,634616,259.538,New Hampshire
4,1648,2017,1456,0.9,1.5,2.8,2.9,3.5,6.2,0.12145749,2.699055331,741000,0.196491228,0.58,0.003,1877.6,3615827,259.538,New Jersey
1,801,2017,8536,2.2,2.2,4.6,5,5.6,9.2,0.360729475,3.669643056,4490900,0.190073259,0.64,0.001,2898.9,937842,254.738,New Mexico
4,2123,2017,2482,2.4,2.8,6.1,6.4,7.3,11.3,0.290728976,4.005599225,928700,0.267255303,0.59,0.006,5592.9,8322887,259.538,New York
3,1037,2017,7833,1.8,2.7,5,5.4,6.3,10.8,0.378214826,4.559207812,1454200,0.538646679,0.69,0.004,6084.9,4622229,237.456,North Carolina
2,818,2017,89503,2,2.2,4.6,5,5.8,8.6,0.414497087,2.876733515,9698500,0.92285405,0.7,0,4060.3,374565,229.874,North Dakota
2,850,2017,10095,1.9,2.4,5,5.3,5.9,9.2,0.263075911,3.279795078,5777800,0.174720482,0.57,0.001,2994.8,5201197,229.874,Ohio
3,818,2017,4199,1.6,1.9,4.4,4.6,5.3,7.4,0.239247458,2.153227122,1839100,0.228318199,0.6,0.003,4689.2,1733886,237.456,Oklahoma
1,1319,2017,13953,1.3,1.9,4.1,4.2,4.7,8.3,0.160135644,3.598342125,2123200,0.657168425,0.58,0.001,2475.5,1768274,254.738,Oregon
4,1071,2017,14138,2.1,2.6,4.8,5.1,6,9.4,0.348671764,3.403849461,6395700,0.221054771,0.6,0.001,3484.2,5693811,259.538,Pennsylvania
4,1256,2017,1180,1.7,2.7,4.4,4.6,5,8,0.162103746,2.95389049,555200,0.212536023,0.59,0.005,2519,468241,259.538,Rhode Island
3,1057,2017,3916,1.9,2,4.4,4.7,5.4,7.8,0.306091215,2.396256942,2286900,0.171236171,0.58,0.002,5591,2284296,237.456,South Carolina
2,854,2017,943,1.1,1.7,3.6,3.9,4.5,6.5,0.34820457,2.04570185,459500,0.205223069,0.61,0.007,3213.4,392576,229.874,South Dakota
3,1009,2017,8309,1.2,1.6,3.7,4.1,4.7,7.9,0.341136705,3.195418127,3195200,0.260046319,0.6,0.002,6436.4,2958248,237.456,Tennessee
3,1182,2017,23548,1.6,2.2,4.3,4.6,5.2,8.2,0.266854453,3.056224751,13490500,0.174552463,0.65,0,4081.1,10929148,237.456,Texas
1,1041,2017,2852,1.1,1.7,3.4,3.4,4,6.9,0.057343103,2.892640968,1569500,0.181713922,0.6,0.001,2057.2,1084866,254.738,Utah
4,1530,2017,6067,1.2,1.6,3.7,4,4.6,7.9,0.29575464,3.292890245,4294100,0.141286882,0.59,0,1899.6,335200,259.538,Vermont
3,1413,2017,1225,1,1.5,3.1,3.3,3.9,6.4,0.202839757,2.492031295,345100,0.354969574,0.58,0.004,1425.6,3512469,237.456,Virginia
1,1496,2017,21112,1.6,2.2,4.6,4.9,5.7,9.2,0.306583477,3.504195353,3718400,0.567771084,0.6,0.001,2955.7,3103142,254.738,Washington
3,814,2017,5027,1.1,1.7,3.2,3.3,3.6,6.5,0.110479798,2.913510101,3168000,0.158680556,0.58,0.001,2805.2,892190,237.456,West Virginia
2,810,2017,1309,2.1,2.7,5.2,5.6,6.4,10.2,0.421940928,3.861398798,782100,0.167369902,0.54,0.004,3161.7,2695203,229.874,Wisconsin
1,817,2017,873,1.3,2.1,4.3,4.5,4.9,8.1,0.204012241,3.196191772,294100,0.29683781,0.67,0.007,2011.9,276726,254.738,Wyoming
3,822,2018,2016,2.4,3.7,6.6,7.1,8.3,12,0.563539025,3.747534517,354900,0.568047337,0.56,0.017,6033.7,2274565,242.737,Alabama
1,1316,2018,3434,1.5,1.8,3.9,4.3,5,7.3,0.362351662,2.350756409,2207800,0.155539451,0.58,0.002,4504.3,318336,263.263,Alaska
1,1021,2018,2712,1.2,1.7,3.8,4.1,4.7,7.7,0.372717108,2.996645546,1341500,0.202161759,0.6,0.003,4690.6,3035669,263.263,Arizona
3,799,2018,9865,1.6,1.8,4.7,4.8,6,9.1,0.187743847,3.188711901,3408900,0.289389539,0.62,0.001,4289.2,1380504,242.737,Arkansas
1,2145,2018,129972,1.6,2.1,4.2,4.4,5.1,8.8,0.248991201,3.724086947,19478600,0.667255347,0.67,0,4229.1,14277157,263.263,California
1,1363,2018,10857,1.1,1.4,3.3,3.5,3.8,6.3,0.171471093,2.504125012,3090900,0.351256915,0.61,0.001,3086.3,2424051,263.263,Colorado
4,1271,2018,3976,2.1,2.2,4.1,4.4,5,8.9,0.262191924,3.974829575,1907000,0.208495018,0.68,0.001,2827.3,1521117,265.139,Connecticut
3,1122,2018,6904,2.9,2.1,5.6,5.9,6.8,9.2,0.295712173,2.41498275,405800,1.701330705,0.64,0.031,12377.6,438693,242.737,Delaware
3,2080,2018,1082,1.3,1.8,3.8,4.1,4.4,7.4,0.246052901,2.952634816,487700,0.221857699,0.57,0.011,5473.8,319531,242.737,District of Columbia
3,1328,2018,31030,1.4,1.6,3.6,3.9,4.5,7.6,0.289818302,3.120669802,10247800,0.302796698,0.69,0,4861.9,9547305,242.737,Florida
3,1184,2018,9499,1.4,1.5,3.9,4.3,5,8,0.441018636,3.014928286,5124500,0.185364426,0.63,0.001,3790.3,4326105,242.737,Georgia
1,2048,2018,6530,0.9,1.3,2.6,2.8,3.5,6.1,0.191092165,2.675290313,680300,0.959870645,0.57,0.004,2391.1,546213,263.263,Hawaii
1,820,2018,2749,0.7,1.4,2.5,2.7,3,5.2,0.206941406,2.211316739,1691300,0.162537693,0.55,0.002,2636.6,735672,263.263,Idaho
2,1351,2018,2012,0.6,1.4,3,3.1,3.6,6.3,0.116713352,2.672735761,856800,0.234827264,0.62,0.002,2078.8,5376064,234.29,Illinois
2,824,2018,10643,1.6,2.1,4.2,4.4,5.1,8.1,0.188201901,3.063680118,6482400,0.164183019,0.63,0.001,4147.8,2903554,234.29,Indiana
2,858,2018,5258,1,1.7,3.5,3.7,4.2,6.6,0.187584266,2.397561405,3411800,0.154112199,0.57,0.001,3456.9,1409650,234.29,Iowa
2,847,2018,2216,0.9,1.6,3.4,3.6,4,6,0.161605279,2.033533095,1485100,0.149215541,0.6,0.002,3545,1280774,234.29,Kansas
3,856,2018,3688,1.3,1.8,4.4,4.6,5.3,8.1,0.290303851,2.869169731,2066800,0.178440101,0.57,0.001,2225.1,1995182,242.737,Kentucky
3,1084,2018,3059,1.9,2.4,4.9,5.4,6.3,9.4,0.530127325,3.138164434,2112700,0.144791026,0.62,0.002,4967.3,2076028,242.737,Louisiana
4,1046,2018,20068,1.5,1.9,3.4,3.6,4.2,7,0.172802011,2.851233178,3819400,0.525422841,0.64,0.001,4048.3,746596,265.139,Maine
3,1420,2018,7144,1.7,2.2,4.2,4.4,5.3,8,0.233878009,2.815891231,3206800,0.2227766,0.59,0.001,4762.6,2458801,242.737,Maryland
4,2086,2018,2516,1,1.4,3.5,3.6,4.7,7.8,0.128884434,3.136187885,698300,0.360303594,0.56,0.002,1227.3,2914929,265.139,Massachusetts
2,838,2018,8351,1.3,1.8,4.1,4.4,4.9,7.9,0.275369709,2.96991331,4902500,0.170341662,0.61,0.001,4543.6,4614380,234.29,Michigan
2,1228,2018,7243,0.8,1.4,2.8,2.9,3.2,5.4,0.061828832,2.216075496,3073000,0.235698015,0.59,0.001,2308.2,2456064,234.29,Minnesota
3,858,2018,5883,1.1,1.7,3.2,3.5,4,6.8,0.283803621,2.8967542,3065500,0.191909966,0.6,0.001,4506.7,1332577,242.737,Mississippi
2,826,2018,1352,2,1.8,4.8,5.3,5.9,8.7,0.493305144,2.82671678,1277100,0.10586485,0.58,0.002,2607.8,2806371,234.29,Missouri
1,871,2018,1405,1.1,1.9,3.7,3.9,4.5,7.5,0.209563726,3.010097161,524900,0.267670032,0.61,0.005,2722,515175,263.263,Montana
2,776,2018,9268,1.4,1.5,3.8,4.2,4.9,7.5,0.374704444,2.661002685,4990600,0.185709133,0.59,0.001,3535.8,845042,234.29,Nebraska
1,1085,2018,542,0.8,1.5,2.8,2.9,3.2,4.7,0.150829563,1.483157366,397800,0.136249372,0.59,0.006,2437.8,1268633,263.263,Nevada
4,1303,2018,2421,0.7,1.2,2.8,3,3.7,5.8,0.174418605,2.160852713,1032000,0.234593023,0.58,0.003,2593.8,638091,265.139,New Hampshire
4,1648,2018,1450,0.9,1.2,2.6,2.7,3,5.6,0.091851463,2.545597691,762100,0.190263745,0.58,0.002,1877.6,3628302,265.139,New Jersey
1,801,2018,9398,2.1,2.2,4.2,4.5,5.1,7.7,0.345419294,2.596215987,4487300,0.209435518,0.64,0.001,2898.9,943208,263.263,New Mexico
4,2123,2018,2551,1.9,1.7,4.7,5,5.6,9.1,0.317124736,3.488372093,946000,0.269661734,0.59,0.006,5592.9,8363934,265.139,New York
3,1037,2018,7544,1.3,1.9,4.5,4.9,5.8,9.5,0.387469626,3.671110527,1522700,0.495435739,0.69,0.004,6084.9,4684876,242.737,North Carolina
2,818,2018,91897,1.7,2,4.1,4.5,5.3,8.1,0.408083348,2.812271355,9703900,0.947010996,0.7,0,4060.3,377649,234.29,North Dakota
2,850,2018,10249,1.4,2.1,4.5,4.7,5.4,8.3,0.220673837,2.905249257,5755100,0.178085524,0.57,0.001,2994.8,5217423,234.29,Ohio
3,818,2018,3871,1.1,1.6,3.4,3.7,4.5,7.5,0.314601866,3.037535257,1843600,0.209969625,0.6,0.003,4689.2,1743069,242.737,Oklahoma
1,1319,2018,14476,1.2,2,4.1,4.3,5.1,8.3,0.210667433,3.265345207,2088600,0.693095854,0.58,0.001,2475.5,1788681,263.263,Oregon
4,1071,2018,13512,1.6,2.3,4.3,4.5,5.2,8.4,0.20803254,3.264868893,6441300,0.209771319,0.6,0.001,3484.2,5713150,265.139,Pennsylvania
4,1256,2018,1101,1.7,2.2,4.1,4.2,4.8,7.4,0.071505184,2.645691813,559400,0.196818019,0.59,0.005,2519,469157,265.139,Rhode Island
3,1057,2018,3933,1.4,1.4,3.5,3.9,4.7,6.9,0.400931195,2.207277117,2319600,0.169555096,0.58,0.002,5591,2318271,242.737,South Carolina
2,854,2018,1159,0.9,1.1,2.9,3.1,3.6,5.8,0.130947185,2.226102139,458200,0.252946312,0.61,0.007,3213.4,397526,234.29,South Dakota
3,1009,2018,7883,0.9,1.5,3.5,3.8,4.5,6.8,0.326404927,2.355658199,3247500,0.24274057,0.6,0.002,6436.4,2992279,242.737,Tennessee
3,1182,2018,25310,1.3,1.8,3.8,4.1,4.6,7.4,0.22412153,2.850162866,13876400,0.18239601,0.65,0,4081.1,11100779,242.737,Texas
1,1041,2018,2876,0.6,1.6,3.3,3.4,3.8,6.1,0.109458502,2.330822227,1553100,0.185178031,0.6,0.001,2057.2,1108763,263.263,Utah
4,1530,2018,5975,0.9,1.1,2.9,3,3.6,6.4,0.084823475,2.808344796,4362000,0.13697845,0.59,0,1899.6,337110,265.139,Vermont
3,1413,2018,1291,0.8,1.4,2.7,2.9,3.5,5.7,0.231280717,2.28389708,345900,0.373229257,0.58,0.004,1425.6,3538847,242.737,Virginia
1,1496,2018,22304,1.6,2.2,4.4,4.7,5.6,8.4,0.301675091,2.852681997,3778900,0.590224669,0.6,0.001,2955.7,3148129,263.263,Washington
2,814,2018,4907,0.9,1.6,3,3.1,3.5,6,0.102459016,2.455814549,3123200,0.157114498,0.58,0.001,2805.2,893778,234.29,West Virginia
2,810,2018,1243,1.9,2.6,5.3,5.6,6.3,9.8,0.332310838,3.604294479,782400,0.158870143,0.54,0.004,3161.7,2710723,234.29,Wisconsin
1,817,2018,639,1,2,4.2,4.3,4.8,7.9,0.173973556,3.131524008,287400,0.222338205,0.67,0.007,2011.9,278595,263.263,Wyoming
