,Rent,Total_Homeless ,U1,U2,U3,U4,U5,U6,pctdisc,pctinv,Civilian,gini,pctcrime,crime,Housing_Supply,CPI,pctmar,State_Alabama,State_Alaska,State_Arizona,State_Arkansas,State_California,State_Colorado,State_Connecticut,State_Delaware,State_District of Columbia,State_Florida,State_Georgia,State_Hawaii,State_Idaho,State_Illinois,State_Indiana,State_Iowa,State_Kansas,State_Kentucky,State_Louisiana,State_Maine,State_Maryland,State_Massachusetts,State_Michigan,State_Minnesota,State_Mississippi,State_Missouri,State_Montana,State_Nebraska,State_Nevada,State_New Hampshire,State_New Jersey,State_New Mexico,State_New York,State_North Carolina,State_North Dakota,State_Ohio,State_Oklahoma,State_Oregon,State_Pennsylvania,State_Rhode Island,State_South Carolina,State_South Dakota,State_Tennessee,State_Texas,State_Utah,State_Vermont,State_Virginia,State_Washington,State_West Virginia,State_Wisconsin,State_Wyoming,region__1,region__2,region__3,region__4,year__2011,year__2012,year__2013,year__2014,year__2015,year__2016,year__2017,year__2018
344,1071.0,14138,2.1,2.6,4.8,5.1,6.0,9.4,0.348671764,3.403849461,6395700,0.6,0.001,3484.2,5693811,259.538,0.9,0,0,0,0,0,0,0,0,0,0,0,0,0,0,0,0,0,0,0,0,0,0,0,0,0,0,0,0,0,0,0,0,0,0,0,0,0,0,1,0,0,0,0,0,0,0,0,0,0,0,0,0,0,0,1,0,0,0,0,0,0,1,0
366,1328.0,31030,1.4,1.6,3.6,3.9,4.5,7.6,0.289818302,3.120669802,10247800,0.69,0.0,4861.9,9547305,242.737,0.6,0,0,0,0,0,0,0,0,0,1,0,0,0,0,0,0,0,0,0,0,0,0,0,0,0,0,0,0,0,0,0,0,0,0,0,0,0,0,0,0,0,0,0,0,0,0,0,0,0,0,0,0,0,1,0,0,0,0,0,0,0,0,1
407,817.0,639,1.0,2.0,4.2,4.3,4.8,7.9,0.173973556,3.131524008,287400,0.67,0.006999999999999999,2011.9,278595,263.263,0.5,0,0,0,0,0,0,0,0,0,0,0,0,0,0,0,0,0,0,0,0,0,0,0,0,0,0,0,0,0,0,0,0,0,0,0,0,0,0,0,0,0,0,0,0,0,0,0,0,0,0,1,1,0,0,0,0,0,0,0,0,0,0,1
356,817.0,873,1.3,2.1,4.3,4.5,4.9,8.1,0.204012241,3.196191772,294100,0.67,0.006999999999999999,2011.9,276726,254.738,0.4,0,0,0,0,0,0,0,0,0,0,0,0,0,0,0,0,0,0,0,0,0,0,0,0,0,0,0,0,0,0,0,0,0,0,0,0,0,0,0,0,0,0,0,0,0,0,0,0,0,0,1,1,0,0,0,0,0,0,0,0,0,1,0
221,798.0,4538,2.0,2.6,5.4,5.7,6.5,10.3,0.32882906,3.843189642,1946300,0.57,0.001,2225.1,1963484,230.147,0.8,0,0,0,0,0,0,0,0,0,0,0,0,0,0,0,0,0,1,0,0,0,0,0,0,0,0,0,0,0,0,0,0,0,0,0,0,0,0,0,0,0,0,0,0,0,0,0,0,0,0,0,0,0,1,0,0,0,0,0,1,0,0,0
199,1343.0,1559,1.4,2.2,4.2,4.5,5.1,8.8,0.316182811,3.765449842,346300,0.58,0.004,1425.6,3421133,230.552,0.6,0,0,0,0,0,0,0,0,0,0,0,0,0,0,0,0,0,0,0,0,0,0,0,0,0,0,0,0,0,0,0,0,0,0,0,0,0,0,0,0,0,0,0,0,0,0,1,0,0,0,0,0,0,1,0,0,0,0,1,0,0,0,0
349,1182.0,23548,1.6,2.2,4.3,4.6,5.2,8.2,0.266854453,3.056224751,13490500,0.65,0.0,4081.1,10929148,237.456,0.6,0,0,0,0,0,0,0,0,0,0,0,0,0,0,0,0,0,0,0,0,0,0,0,0,0,0,0,0,0,0,0,0,0,0,0,0,0,0,0,0,0,0,0,1,0,0,0,0,0,0,0,0,0,1,0,0,0,0,0,0,0,1,0
380,1228.0,7243,0.8,1.4,2.8,2.9,3.2,5.4,0.061828832,2.216075496,3073000,0.59,0.001,2308.2,2456064,234.29,0.3,0,0,0,0,0,0,0,0,0,0,0,0,0,0,0,0,0,0,0,0,0,0,0,1,0,0,0,0,0,0,0,0,0,0,0,0,0,0,0,0,0,0,0,0,0,0,0,0,0,0,0,0,1,0,0,0,0,0,0,0,0,0,1
6,1089.0,4456,5.6,5.7,8.9,9.6,10.4,15.4,0.74070155,5.073805619,1914700,0.68,0.001,2754.8,1491803,240.997,0.8,0,0,0,0,0,0,1,0,0,0,0,0,0,0,0,0,0,0,0,0,0,0,0,0,0,0,0,0,0,0,0,0,0,0,0,0,0,0,0,0,0,0,0,0,0,0,0,0,0,0,0,0,0,0,1,1,0,0,0,0,0,0,0
281,830.0,1418,1.4,2.2,4.2,4.5,5.1,8.5,0.268250623,3.468097337,521900,0.61,0.005,2722.0,505657,247.705,0.6,0,0,0,0,0,0,0,0,0,0,0,0,0,0,0,0,0,0,0,0,0,0,0,0,0,0,1,0,0,0,0,0,0,0,0,0,0,0,0,0,0,0,0,0,0,0,0,0,0,0,0,1,0,0,0,0,0,0,0,0,1,0,0
134,1647.0,2819,4.1,3.3,7.2,7.7,9.2,13.7,0.588235294,4.673202614,928700,0.59,0.006,5592.9,8194675,249.038,1.5,0,0,0,0,0,0,0,0,0,0,0,0,0,0,0,0,0,0,0,0,0,0,0,0,0,0,0,0,0,0,0,0,1,0,0,0,0,0,0,0,0,0,0,0,0,0,0,0,0,0,0,0,0,0,1,0,0,1,0,0,0,0,0
231,752.0,10685,2.6,2.6,5.9,6.4,7.1,11.3,0.611895414,4.2498538130000005,4788400,0.59,0.001,3535.8,823898,224.21,0.7,0,0,0,0,0,0,0,0,0,0,0,0,0,0,0,0,0,0,0,0,0,0,0,0,0,0,0,1,0,0,0,0,0,0,0,0,0,0,0,0,0,0,0,0,0,0,0,0,0,0,0,0,1,0,0,0,0,0,0,1,0,0,0
121,1031.0,19029,3.7,4.1,7.0,7.4,8.4,13.2,0.448082723,4.865718799,3665800,0.64,0.001,4048.3,729650,249.038,1.0,0,0,0,0,0,0,0,0,0,0,0,0,0,0,0,0,0,0,0,1,0,0,0,0,0,0,0,0,0,0,0,0,0,0,0,0,0,0,0,0,0,0,0,0,0,0,0,0,0,0,0,0,0,0,1,0,0,1,0,0,0,0,0
182,1180.0,3026,1.1,1.6,3.3,3.5,4.1,7.0,0.245676101,2.879323899,1014000,0.58,0.003,2593.8,621535,252.463,0.6,0,0,0,0,0,0,0,0,0,0,0,0,0,0,0,0,0,0,0,0,0,0,0,0,0,0,0,0,0,1,0,0,0,0,0,0,0,0,0,0,0,0,0,0,0,0,0,0,0,0,0,0,0,0,1,0,0,0,1,0,0,0,0
260,1341.0,10550,1.5,1.6,3.3,3.4,3.8,7.3,0.137731561,3.51215481,2904200,0.61,0.001,3086.3,2348381,247.705,0.4,0,0,0,0,0,1,0,0,0,0,0,0,0,0,0,0,0,0,0,0,0,0,0,0,0,0,0,0,0,0,0,0,0,0,0,0,0,0,0,0,0,0,0,0,0,0,0,0,0,0,0,1,0,0,0,0,0,0,0,0,1,0,0
175,768.0,12227,3.5,3.7,7.2,7.6,8.6,13.9,0.437820999,5.409615222999999,4853400,0.61,0.001,4543.6,4546128,225.425,1.0,0,0,0,0,0,0,0,0,0,0,0,0,0,0,0,0,0,0,0,0,0,0,1,0,0,0,0,0,0,0,0,0,0,0,0,0,0,0,0,0,0,0,0,0,0,0,0,0,0,0,0,0,1,0,0,0,0,0,1,0,0,0,0
171,934.0,4606,2.9,2.8,6.4,6.9,7.8,11.3,0.5558128760000001,3.584993052,2132300,0.62,0.002,4967.3,2002995,230.552,0.9,0,0,0,0,0,0,0,0,0,0,0,0,0,0,0,0,0,0,1,0,0,0,0,0,0,0,0,0,0,0,0,0,0,0,0,0,0,0,0,0,0,0,0,0,0,0,0,0,0,0,0,0,0,1,0,0,0,0,1,0,0,0,0
374,856.0,3688,1.3,1.8,4.4,4.6,5.3,8.1,0.290303851,2.8691697310000004,2066800,0.57,0.001,2225.1,1995182,242.737,0.7,0,0,0,0,0,0,0,0,0,0,0,0,0,0,0,0,0,1,0,0,0,0,0,0,0,0,0,0,0,0,0,0,0,0,0,0,0,0,0,0,0,0,0,0,0,0,0,0,0,0,0,0,0,1,0,0,0,0,0,0,0,0,1
292,1236.0,13238,1.5,2.3,4.9,5.2,6.0,10.3,0.305676856,4.42503639,2061000,0.58,0.001,2475.5,1748683,247.705,0.8,0,0,0,0,0,0,0,0,0,0,0,0,0,0,0,0,0,0,0,0,0,0,0,0,0,0,0,0,0,0,0,0,0,0,0,0,0,1,0,0,0,0,0,0,0,0,0,0,0,0,0,1,0,0,0,0,0,0,0,0,1,0,0
379,838.0,8351,1.3,1.8,4.1,4.4,4.9,7.9,0.275369709,2.96991331,4902500,0.61,0.001,4543.6,4614380,234.29,0.5,0,0,0,0,0,0,0,0,0,0,0,0,0,0,0,0,0,0,0,0,0,0,1,0,0,0,0,0,0,0,0,0,0,0,0,0,0,0,0,0,0,0,0,0,0,0,0,0,0,0,0,0,1,0,0,0,0,0,0,0,0,0,1
384,776.0,9268,1.4,1.5,3.8,4.2,4.9,7.5,0.374704444,2.661002685,4990600,0.59,0.001,3535.8,845042,234.29,0.7,0,0,0,0,0,0,0,0,0,0,0,0,0,0,0,0,0,0,0,0,0,0,0,0,0,0,0,1,0,0,0,0,0,0,0,0,0,0,0,0,0,0,0,0,0,0,0,0,0,0,0,0,1,0,0,0,0,0,0,0,0,0,1
0,784.0,2128,2.8,4.2,7.6,8.1,9.1,13.5,0.542152345,4.526972079,344900,0.57,0.017,6110.3,2184489,218.618,1.0,1,0,0,0,0,0,0,0,0,0,0,0,0,0,0,0,0,0,0,0,0,0,0,0,0,0,0,0,0,0,0,0,0,0,0,0,0,0,0,0,0,0,0,0,0,0,0,0,0,0,0,0,0,1,0,1,0,0,0,0,0,0,0
173,1380.0,7856,3.2,2.7,5.8,6.2,7.2,10.7,0.462080331,3.615859372,3186500,0.59,0.002,4762.6,2404439,230.552,1.0,0,0,0,0,0,0,0,0,0,0,0,0,0,0,0,0,0,0,0,0,1,0,0,0,0,0,0,0,0,0,0,0,0,0,0,0,0,0,0,0,0,0,0,0,0,0,0,0,0,0,0,0,0,1,0,0,0,0,1,0,0,0,0
189,771.0,4191,1.6,2.0,4.5,5.0,5.9,8.6,0.541424624,2.707123118,1836300,0.6,0.003,4689.2,1690266,230.552,0.9,0,0,0,0,0,0,0,0,0,0,0,0,0,0,0,0,0,0,0,0,0,0,0,0,0,0,0,0,0,0,0,0,0,0,0,0,1,0,0,0,0,0,0,0,0,0,0,0,0,0,0,0,0,1,0,0,0,0,1,0,0,0,0
170,789.0,5089,3.1,3.2,6.5,6.8,7.8,11.7,0.344036697,3.928998803,2003900,0.57,0.001,2225.1,1948915,230.552,1.0,0,0,0,0,0,0,0,0,0,0,0,0,0,0,0,0,0,1,0,0,0,0,0,0,0,0,0,0,0,0,0,0,0,0,0,0,0,0,0,0,0,0,0,0,0,0,0,0,0,0,0,0,0,1,0,0,0,0,1,0,0,0,0
308,1021.0,2467,1.1,1.8,3.7,3.9,4.6,7.1,0.279021955,2.511197592,1361900,0.6,0.003,4690.6,3000043,254.738,0.7,0,0,1,0,0,0,0,0,0,0,0,0,0,0,0,0,0,0,0,0,0,0,0,0,0,0,0,0,0,0,0,0,0,0,0,0,0,0,0,0,0,0,0,0,0,0,0,0,0,0,0,1,0,0,0,0,0,0,0,0,0,1,0
157,1728.0,113952,3.8,3.9,7.5,8.0,9.0,15.2,0.522028423,6.3386873339999985,19193000,0.67,0.0,4229.1,13828112,240.215,1.0,0,0,0,0,1,0,0,0,0,0,0,0,0,0,0,0,0,0,0,0,0,0,0,0,0,0,0,0,0,0,0,0,0,0,0,0,0,0,0,0,0,0,0,0,0,0,0,0,0,0,0,1,0,0,0,0,0,0,1,0,0,0,0
38,959.0,15096,4.2,4.8,7.8,8.2,9.4,13.9,0.474381806,4.605128367,6507500,0.6,0.001,3624.0,5587339,240.997,1.2,0,0,0,0,0,0,0,0,0,0,0,0,0,0,0,0,0,0,0,0,0,0,0,0,0,0,0,0,0,0,0,0,0,0,0,0,0,0,1,0,0,0,0,0,0,0,0,0,0,0,0,0,0,0,1,1,0,0,0,0,0,0,0
369,820.0,2749,0.7,1.4,2.5,2.7,3.0,5.2,0.206941406,2.211316739,1691300,0.55,0.002,2636.6,735672,263.263,0.3,0,0,0,0,0,0,0,0,0,0,0,0,1,0,0,0,0,0,0,0,0,0,0,0,0,0,0,0,0,0,0,0,0,0,0,0,0,0,0,0,0,0,0,0,0,0,0,0,0,0,0,1,0,0,0,0,0,0,0,0,0,0,1
293,1040.0,15339,2.1,2.9,5.6,5.9,6.7,10.6,0.335044416,3.93139274,6506600,0.6,0.001,3484.2,5673791,254.85,0.8,0,0,0,0,0,0,0,0,0,0,0,0,0,0,0,0,0,0,0,0,0,0,0,0,0,0,0,0,0,0,0,0,0,0,0,0,0,0,1,0,0,0,0,0,0,0,0,0,0,0,0,0,0,0,1,0,0,0,0,0,1,0,0
354,814.0,5027,1.1,1.7,3.2,3.3,3.6,6.5,0.110479798,2.9135101010000004,3168000,0.58,0.001,2805.2,892190,237.456,0.3,0,0,0,0,0,0,0,0,0,0,0,0,0,0,0,0,0,0,0,0,0,0,0,0,0,0,0,0,0,0,0,0,0,0,0,0,0,0,0,0,0,0,0,0,0,0,0,0,1,0,0,0,0,1,0,0,0,0,0,0,0,1,0
343,1319.0,13953,1.3,1.9,4.1,4.2,4.7,8.3,0.160135644,3.598342125,2123200,0.58,0.001,2475.5,1768274,254.738,0.5,0,0,0,0,0,0,0,0,0,0,0,0,0,0,0,0,0,0,0,0,0,0,0,0,0,0,0,0,0,0,0,0,0,0,0,0,0,1,0,0,0,0,0,0,0,0,0,0,0,0,0,1,0,0,0,0,0,0,0,0,0,1,0
12,623.0,3134,2.6,3.2,5.8,6.1,6.7,11.3,0.289400699,4.588206922,1758600,0.56,0.002,2571.6,673018,227.485,0.6,0,0,0,0,0,0,0,0,0,0,0,0,1,0,0,0,0,0,0,0,0,0,0,0,0,0,0,0,0,0,0,0,0,0,0,0,0,0,0,0,0,0,0,0,0,0,0,0,0,0,0,1,0,0,0,1,0,0,0,0,0,0,0
188,752.0,11823,2.6,2.6,5.6,6.0,6.8,10.9,0.447889147,4.158720717,5736800,0.57,0.001,2994.8,5149978,225.425,0.8,0,0,0,0,0,0,0,0,0,0,0,0,0,0,0,0,0,0,0,0,0,0,0,0,0,0,0,0,0,0,0,0,0,0,0,1,0,0,0,0,0,0,0,0,0,0,0,0,0,0,0,0,1,0,0,0,0,0,1,0,0,0,0
236,1876.0,2629,2.9,3.1,6.8,7.2,8.2,12.6,0.465418335,4.4593570730000005,923900,0.59,0.006,5592.9,8244474,252.185,1.0,0,0,0,0,0,0,0,0,0,0,0,0,0,0,0,0,0,0,0,0,0,0,0,0,0,0,0,0,0,0,0,0,1,0,0,0,0,0,0,0,0,0,0,0,0,0,0,0,0,0,0,0,0,0,1,0,0,0,0,1,0,0,0
55,1549.0,120098,6.2,5.8,10.4,11.1,12.2,19.3,0.725580085,7.178853594,19478600,0.69,0.0,4229.1,13771417,232.376,1.1,0,0,0,0,1,0,0,0,0,0,0,0,0,0,0,0,0,0,0,0,0,0,0,0,0,0,0,0,0,0,0,0,0,0,0,0,0,0,0,0,0,0,0,0,0,0,0,0,0,0,0,1,0,0,0,0,1,0,0,0,0,0,0
30,1452.0,1469,2.6,3.2,5.4,5.8,6.5,11.3,0.363979509,4.839579401,777300,0.59,0.003,2172.4,3562473,240.997,0.7,0,0,0,0,0,0,0,0,0,0,0,0,0,0,0,0,0,0,0,0,0,0,0,0,0,0,0,0,0,0,1,0,0,0,0,0,0,0,0,0,0,0,0,0,0,0,0,0,0,0,0,0,0,0,1,1,0,0,0,0,0,0,0
306,822.0,1845,2.9,4.2,7.7,8.4,9.8,13.2,0.7377049179999999,3.49726776,366000,0.56,0.016,6033.7,2258396,237.456,1.4,1,0,0,0,0,0,0,0,0,0,0,0,0,0,0,0,0,0,0,0,0,0,0,0,0,0,0,0,0,0,0,0,0,0,0,0,0,0,0,0,0,0,0,0,0,0,0,0,0,0,0,0,0,1,0,0,0,0,0,0,0,1,0
21,1589.0,2447,4.1,4.6,8.0,8.5,9.5,15.1,0.477499638,5.628707857,688700,0.56,0.002,1233.2,2817888,240.997,1.0,0,0,0,0,0,0,0,0,0,0,0,0,0,0,0,0,0,0,0,0,0,1,0,0,0,0,0,0,0,0,0,0,0,0,0,0,0,0,0,0,0,0,0,0,0,0,0,0,0,0,0,0,0,0,1,1,0,0,0,0,0,0,0
264,1261.0,33559,2.3,2.2,4.9,5.4,6.0,10.3,0.537942906,4.359899174,9759400,0.69,0.0,4861.9,9337960,232.692,0.6,0,0,0,0,0,0,0,0,0,1,0,0,0,0,0,0,0,0,0,0,0,0,0,0,0,0,0,0,0,0,0,0,0,0,0,0,0,0,0,0,0,0,0,0,0,0,0,0,0,0,0,0,0,1,0,0,0,0,0,0,1,0,0
280,801.0,1738,2.6,2.6,5.7,6.2,6.9,10.9,0.452665262,4.05837821,1281300,0.58,0.002,2607.8,2774937,226.115,0.7,0,0,0,0,0,0,0,0,0,0,0,0,0,0,0,0,0,0,0,0,0,0,0,0,0,1,0,0,0,0,0,0,0,0,0,0,0,0,0,0,0,0,0,0,0,0,0,0,0,0,0,0,1,0,0,0,0,0,0,0,1,0,0
191,972.0,15333,2.8,3.1,5.7,6.2,7.2,11.6,0.568760478,4.4639079960000005,6506600,0.6,0.001,3484.2,5614800,252.463,1.0,0,0,0,0,0,0,0,0,0,0,0,0,0,0,0,0,0,0,0,0,0,0,0,0,0,0,0,0,0,0,0,0,0,0,0,0,0,0,1,0,0,0,0,0,0,0,0,0,0,0,0,0,0,0,1,0,0,0,1,0,0,0,0
347,854.0,943,1.1,1.7,3.6,3.9,4.5,6.5,0.34820457,2.04570185,459500,0.61,0.006999999999999999,3213.4,392576,229.874,0.6,0,0,0,0,0,0,0,0,0,0,0,0,0,0,0,0,0,0,0,0,0,0,0,0,0,0,0,0,0,0,0,0,0,0,0,0,0,0,0,0,0,1,0,0,0,0,0,0,0,0,0,0,1,0,0,0,0,0,0,0,0,1,0
93,799.0,9426,4.2,4.4,7.8,8.4,9.1,13.3,0.601085832,4.304550155,3247500,0.61,0.002,6436.4,2839114,223.242,0.7,0,0,0,0,0,0,0,0,0,0,0,0,0,0,0,0,0,0,0,0,0,0,0,0,0,0,0,0,0,0,0,0,0,0,0,0,0,0,0,0,0,0,1,0,0,0,0,0,0,0,0,0,0,1,0,0,1,0,0,0,0,0,0
162,1109.0,41542,3.5,3.2,6.3,6.8,7.5,12.8,0.624727137,5.360595414,9759400,0.69,0.001,4861.9,9100952,230.552,0.7,0,0,0,0,0,0,0,0,0,1,0,0,0,0,0,0,0,0,0,0,0,0,0,0,0,0,0,0,0,0,0,0,0,0,0,0,0,0,0,0,0,0,0,0,0,0,0,0,0,0,0,0,0,1,0,0,0,0,1,0,0,0,0
266,2023.0,7921,1.1,1.4,3.0,3.4,4.2,7.5,0.34757422200000004,3.417813179,690500,0.57,0.003,2391.1,539784,247.705,0.8,0,0,0,0,0,0,0,0,0,0,0,1,0,0,0,0,0,0,0,0,0,0,0,0,0,0,0,0,0,0,0,0,0,0,0,0,0,0,0,0,0,0,0,0,0,0,0,0,0,0,0,1,0,0,0,0,0,0,0,0,1,0,0
285,1561.0,1366,1.0,1.5,2.8,3.0,3.6,6.4,0.199813507,2.890635407,750700,0.58,0.003,1877.6,3604554,254.85,0.6,0,0,0,0,0,0,0,0,0,0,0,0,0,0,0,0,0,0,0,0,0,0,0,0,0,0,0,0,0,0,1,0,0,0,0,0,0,0,0,0,0,0,0,0,0,0,0,0,0,0,0,0,0,0,1,0,0,0,0,0,1,0,0
362,1363.0,10857,1.1,1.4,3.3,3.5,3.8,6.3,0.17147109300000002,2.504125012,3090900,0.61,0.001,3086.3,2424051,263.263,0.3,0,0,0,0,0,1,0,0,0,0,0,0,0,0,0,0,0,0,0,0,0,0,0,0,0,0,0,0,0,0,0,0,0,0,0,0,0,0,0,0,0,0,0,0,0,0,0,0,0,0,0,1,0,0,0,0,0,0,0,0,0,0,1
178,770.0,2226,4.1,3.5,7.7,8.4,9.4,13.6,0.7962300940000001,4.281767956,1281300,0.58,0.002,2607.8,2735762,225.425,1.0,0,0,0,0,0,0,0,0,0,0,0,0,0,0,0,0,0,0,0,0,0,0,0,0,0,1,0,0,0,0,0,0,0,0,0,0,0,0,0,0,0,0,0,0,0,0,0,0,0,0,0,0,1,0,0,0,0,0,1,0,0,0,0
105,705.0,10562,3.9,3.7,8.0,8.7,10.0,16.0,0.6884624340000001,6.122991985,3297700,0.62,0.001,4289.2,1338838,226.721,1.3,0,0,0,1,0,0,0,0,0,0,0,0,0,0,0,0,0,0,0,0,0,0,0,0,0,0,0,0,0,0,0,0,0,0,0,0,0,0,0,0,0,0,0,0,0,0,0,0,0,0,0,0,0,1,0,0,0,1,0,0,0,0,0
245,763.0,1036,1.1,1.2,3.5,3.7,4.3,6.3,0.219490781,2.019315189,455600,0.61,0.006999999999999999,3213.4,383233,224.21,0.6,0,0,0,0,0,0,0,0,0,0,0,0,0,0,0,0,0,0,0,0,0,0,0,0,0,0,0,0,0,0,0,0,0,0,0,0,0,0,0,0,0,1,0,0,0,0,0,0,0,0,0,0,1,0,0,0,0,0,0,1,0,0,0
209,1241.0,9953,1.3,1.9,3.9,4.0,4.3,7.9,0.128553064,3.628053135,2800400,0.61,0.001,3086.3,2317449,243.015,0.3,0,0,0,0,0,1,0,0,0,0,0,0,0,0,0,0,0,0,0,0,0,0,0,0,0,0,0,0,0,0,0,0,0,0,0,0,0,0,0,0,0,0,0,0,0,0,0,0,0,0,0,1,0,0,0,0,0,0,0,1,0,0,0
19,1046.0,16664,4.3,4.8,7.3,7.8,8.7,14.3,0.56992296,5.693501733,3840800,0.64,0.001,4269.9,724977,240.997,0.9,0,0,0,0,0,0,0,0,0,0,0,0,0,0,0,0,0,0,0,1,0,0,0,0,0,0,0,0,0,0,0,0,0,0,0,0,0,0,0,0,0,0,0,0,0,0,0,0,0,0,0,0,0,0,1,1,0,0,0,0,0,0,0
29,1133.0,3548,2.0,2.3,4.5,4.7,5.2,8.9,0.190247322,3.684790227,1047000,0.58,0.003,2535.8,617470,240.997,0.5,0,0,0,0,0,0,0,0,0,0,0,0,0,0,0,0,0,0,0,0,0,0,0,0,0,0,0,0,0,1,0,0,0,0,0,0,0,0,0,0,0,0,0,0,0,0,0,0,0,0,0,0,0,0,1,1,0,0,0,0,0,0,0
78,699.0,13524,5.7,5.0,9.2,9.6,10.7,16.3,0.48790881,5.620539043,4990600,0.6,0.001,3535.8,806064,219.1,1.1,0,0,0,0,0,0,0,0,0,0,0,0,0,0,0,0,0,0,0,0,0,0,0,0,0,0,0,1,0,0,0,0,0,0,0,0,0,0,0,0,0,0,0,0,0,0,0,0,0,0,0,0,1,0,0,0,1,0,0,0,0,0,0
364,1122.0,6904,2.9,2.1,5.6,5.9,6.8,9.2,0.295712173,2.41498275,405800,0.64,0.031,12377.6,438693,242.737,0.9,0,0,0,0,0,0,0,1,0,0,0,0,0,0,0,0,0,0,0,0,0,0,0,0,0,0,0,0,0,0,0,0,0,0,0,0,0,0,0,0,0,0,0,0,0,0,0,0,0,0,0,0,0,1,0,0,0,0,0,0,0,0,1
165,681.0,3122,1.6,2.6,4.6,4.8,5.3,8.8,0.227830354,3.540133193,1713800,0.55,0.002,2636.6,683117,240.215,0.5,0,0,0,0,0,0,0,0,0,0,0,0,1,0,0,0,0,0,0,0,0,0,0,0,0,0,0,0,0,0,0,0,0,0,0,0,0,0,0,0,0,0,0,0,0,0,0,0,0,0,0,1,0,0,0,0,0,0,1,0,0,0,0
219,806.0,5863,1.7,2.3,4.8,5.1,5.8,9.0,0.320826204,3.226594965,3272800,0.57,0.001,3456.9,1375377,224.21,0.7,0,0,0,0,0,0,0,0,0,0,0,0,0,0,0,1,0,0,0,0,0,0,0,0,0,0,0,0,0,0,0,0,0,0,0,0,0,0,0,0,0,0,0,0,0,0,0,0,0,0,0,0,1,0,0,0,0,0,0,1,0,0,0
377,1420.0,7144,1.7,2.2,4.2,4.4,5.3,8.0,0.233878009,2.815891231,3206800,0.59,0.001,4762.6,2458801,242.737,0.9,0,0,0,0,0,0,0,0,0,0,0,0,0,0,0,0,0,0,0,0,1,0,0,0,0,0,0,0,0,0,0,0,0,0,0,0,0,0,0,0,0,0,0,0,0,0,0,0,0,0,0,0,0,1,0,0,0,0,0,0,0,0,1
71,1322.0,9454,3.9,3.8,7.0,7.6,8.5,12.1,0.6238543910000001,3.665948484,3206800,0.59,0.002,4762.6,2394788,223.242,0.9,0,0,0,0,0,0,0,0,0,0,0,0,0,0,0,0,0,0,0,0,1,0,0,0,0,0,0,0,0,0,0,0,0,0,0,0,0,0,0,0,0,0,0,0,0,0,0,0,0,0,0,0,0,1,0,0,1,0,0,0,0,0,0
94,873.0,34052,3.3,3.3,6.7,7.1,7.8,12.1,0.419307115,4.34734452,13876400,0.65,0.0,4081.1,10167982,223.242,0.7,0,0,0,0,0,0,0,0,0,0,0,0,0,0,0,0,0,0,0,0,0,0,0,0,0,0,0,0,0,0,0,0,0,0,0,0,0,0,0,0,0,0,0,1,0,0,0,0,0,0,0,0,0,1,0,0,1,0,0,0,0,0,0
179,815.0,1745,1.5,2.6,4.6,4.9,5.7,10.3,0.248044266,4.674680405,521900,0.61,0.005,2722.0,492074,240.215,0.8,0,0,0,0,0,0,0,0,0,0,0,0,0,0,0,0,0,0,0,0,0,0,0,0,0,0,1,0,0,0,0,0,0,0,0,0,0,0,0,0,0,0,0,0,0,0,0,0,0,0,0,1,0,0,0,0,0,0,1,0,0,0,0
394,1319.0,14476,1.2,2.0,4.1,4.3,5.1,8.3,0.210667433,3.265345207,2088600,0.58,0.001,2475.5,1788681,263.263,0.8,0,0,0,0,0,0,0,0,0,0,0,0,0,0,0,0,0,0,0,0,0,0,0,0,0,0,0,0,0,0,0,0,0,0,0,0,0,1,0,0,0,0,0,0,0,0,0,0,0,0,0,1,0,0,0,0,0,0,0,0,0,0,1
35,718.0,13030,5.1,5.1,8.7,9.0,9.8,14.7,0.400416017,4.941931011,5855200,0.57,0.001,3050.4,5134669,214.743,0.8,0,0,0,0,0,0,0,0,0,0,0,0,0,0,0,0,0,0,0,0,0,0,0,0,0,0,0,0,0,0,0,0,0,0,0,1,0,0,0,0,0,0,0,0,0,0,0,0,0,0,0,0,1,0,0,1,0,0,0,0,0,0,0
128,800.0,1878,1.9,2.9,5.5,5.9,6.6,11.6,0.45027408,5.01174628,521500,0.61,0.005,2722.0,492074,235.824,0.7,0,0,0,0,0,0,0,0,0,0,0,0,0,0,0,0,0,0,0,0,0,0,0,0,0,0,1,0,0,0,0,0,0,0,0,0,0,0,0,0,0,0,0,0,0,0,0,0,0,0,0,1,0,0,0,0,0,1,0,0,0,0,0
74,983.0,7744,2.7,3.1,5.8,6.0,6.9,11.7,0.305540467,4.79359044,3073000,0.6,0.001,2308.2,2362661,219.1,0.9,0,0,0,0,0,0,0,0,0,0,0,0,0,0,0,0,0,0,0,0,0,0,0,1,0,0,0,0,0,0,0,0,0,0,0,0,0,0,0,0,0,0,0,0,0,0,0,0,0,0,0,0,1,0,0,0,1,0,0,0,0,0,0
53,785.0,4214,3.4,3.6,7.6,7.9,8.9,13.0,0.406173842,4.15774315,1341500,0.61,0.003,4690.6,2872724,232.376,1.0,0,0,1,0,0,0,0,0,0,0,0,0,0,0,0,0,0,0,0,0,0,0,0,0,0,0,0,0,0,0,0,0,0,0,0,0,0,0,0,0,0,0,0,0,0,0,0,0,0,0,0,1,0,0,0,0,1,0,0,0,0,0,0
22,784.0,13185,6.1,6.0,10.2,11.1,12.3,18.8,0.942247292,6.593594427999999,4965000,0.6,0.001,4427.7,4535193,214.743,1.2,0,0,0,0,0,0,0,0,0,0,0,0,0,0,0,0,0,0,0,0,0,0,1,0,0,0,0,0,0,0,0,0,0,0,0,0,0,0,0,0,0,0,0,0,0,0,0,0,0,0,0,0,1,0,0,1,0,0,0,0,0,0,0
204,781.0,1956,2.3,3.8,6.7,7.2,8.6,12.1,0.497374965,3.592152528,361900,0.56,0.017,6033.7,2229279,230.147,1.4,1,0,0,0,0,0,0,0,0,0,0,0,0,0,0,0,0,0,0,0,0,0,0,0,0,0,0,0,0,0,0,0,0,0,0,0,0,0,0,0,0,0,0,0,0,0,0,0,0,0,0,0,0,1,0,0,0,0,0,1,0,0,0
332,871.0,1529,1.3,1.9,4.0,4.3,4.9,8.3,0.230105465,3.394055609,521500,0.61,0.005,2722.0,510322,254.738,0.6,0,0,0,0,0,0,0,0,0,0,0,0,0,0,0,0,0,0,0,0,0,0,0,0,0,0,1,0,0,0,0,0,0,0,0,0,0,0,0,0,0,0,0,0,0,0,0,0,0,0,0,1,0,0,0,0,0,0,0,0,0,1,0
291,821.0,4107,1.9,2.4,5.1,5.4,6.1,9.2,0.29951533,3.087730763,1836300,0.6,0.003,4689.2,1723754,232.692,0.7,0,0,0,0,0,0,0,0,0,0,0,0,0,0,0,0,0,0,0,0,0,0,0,0,0,0,0,0,0,0,0,0,0,0,0,0,1,0,0,0,0,0,0,0,0,0,0,0,0,0,0,0,0,1,0,0,0,0,0,0,1,0,0
155,837.0,2936,2.1,2.9,6.0,6.1,6.9,10.2,0.162049541,3.333590555,1351300,0.6,0.004,4690.6,2891278,240.215,0.8,0,0,1,0,0,0,0,0,0,0,0,0,0,0,0,0,0,0,0,0,0,0,0,0,0,0,0,0,0,0,0,0,0,0,0,0,0,0,0,0,0,0,0,0,0,0,0,0,0,0,0,1,0,0,0,0,0,0,1,0,0,0,0
90,1133.0,1277,6.3,6.6,10.5,10.9,11.8,17.6,0.430261743,5.969881677999999,559400,0.6,0.005,2519.0,464684,245.698,0.9,0,0,0,0,0,0,0,0,0,0,0,0,0,0,0,0,0,0,0,0,0,0,0,0,0,0,0,0,0,0,0,0,0,0,0,0,0,0,0,1,0,0,0,0,0,0,0,0,0,0,0,0,0,0,1,0,1,0,0,0,0,0,0
323,856.0,4025,1.9,2.6,5.2,5.4,6.0,8.8,0.197742838,2.879328639,2073400,0.57,0.001,2225.1,1984001,237.456,0.6,0,0,0,0,0,0,0,0,0,0,0,0,0,0,0,0,0,1,0,0,0,0,0,0,0,0,0,0,0,0,0,0,0,0,0,0,0,0,0,0,0,0,0,0,0,0,0,0,0,0,0,0,0,1,0,0,0,0,0,0,0,1,0
359,1021.0,2712,1.2,1.7,3.8,4.1,4.7,7.7,0.372717108,2.9966455460000003,1341500,0.6,0.003,4690.6,3035669,263.263,0.6,0,0,1,0,0,0,0,0,0,0,0,0,0,0,0,0,0,0,0,0,0,0,0,0,0,0,0,0,0,0,0,0,0,0,0,0,0,0,0,0,0,0,0,0,0,0,0,0,0,0,0,1,0,0,0,0,0,0,0,0,0,0,1
404,1496.0,22304,1.6,2.2,4.4,4.7,5.6,8.4,0.301675091,2.852681997,3778900,0.6,0.001,2955.7,3148129,263.263,0.9,0,0,0,0,0,0,0,0,0,0,0,0,0,0,0,0,0,0,0,0,0,0,0,0,0,0,0,0,0,0,0,0,0,0,0,0,0,0,0,0,0,0,0,0,0,0,0,1,0,0,0,1,0,0,0,0,0,0,0,0,0,0,1
341,850.0,10095,1.9,2.4,5.0,5.3,5.9,9.2,0.263075911,3.2797950780000003,5777800,0.57,0.001,2994.8,5201197,229.874,0.6,0,0,0,0,0,0,0,0,0,0,0,0,0,0,0,0,0,0,0,0,0,0,0,0,0,0,0,0,0,0,0,0,0,0,0,1,0,0,0,0,0,0,0,0,0,0,0,0,0,0,0,0,1,0,0,0,0,0,0,0,0,1,0
390,1037.0,7544,1.3,1.9,4.5,4.9,5.8,9.5,0.387469626,3.671110527,1522700,0.69,0.004,6084.9,4684876,242.737,0.9,0,0,0,0,0,0,0,0,0,0,0,0,0,0,0,0,0,0,0,0,0,0,0,0,0,0,0,0,0,0,0,0,0,1,0,0,0,0,0,0,0,0,0,0,0,0,0,0,0,0,0,0,0,1,0,0,0,0,0,0,0,0,1
242,998.0,15421,2.4,2.7,5.2,5.5,6.4,10.7,0.360494748,4.358567966,6435600,0.6,0.001,3484.2,5654342,252.185,0.9,0,0,0,0,0,0,0,0,0,0,0,0,0,0,0,0,0,0,0,0,0,0,0,0,0,0,0,0,0,0,0,0,0,0,0,0,0,0,1,0,0,0,0,0,0,0,0,0,0,0,0,0,0,0,1,0,0,0,0,1,0,0,0
4,1540.0,125128,7.0,7.0,11.6,12.3,13.4,21.1,0.7918882429999999,7.824098311,19435400,0.67,0.0,4109.9,13728564,227.485,1.1,0,0,0,0,1,0,0,0,0,0,0,0,0,0,0,0,0,0,0,0,0,0,0,0,0,0,0,0,0,0,0,0,0,0,0,0,0,0,0,0,0,0,0,0,0,0,0,0,0,0,0,1,0,0,0,1,0,0,0,0,0,0,0
275,1406.0,7689,1.8,2.1,4.2,4.5,5.1,8.1,0.326376903,2.968774517,3186500,0.59,0.001,4762.6,2437510,232.692,0.6,0,0,0,0,0,0,0,0,0,0,0,0,0,0,0,0,0,0,0,0,1,0,0,0,0,0,0,0,0,0,0,0,0,0,0,0,0,0,0,0,0,0,0,0,0,0,0,0,0,0,0,0,0,1,0,0,0,0,0,0,1,0,0
375,1084.0,3059,1.9,2.4,4.9,5.4,6.3,9.4,0.530127325,3.138164434,2112700,0.62,0.002,4967.3,2076028,242.737,0.9,0,0,0,0,0,0,0,0,0,0,0,0,0,0,0,0,0,0,1,0,0,0,0,0,0,0,0,0,0,0,0,0,0,0,0,0,0,0,0,0,0,0,0,0,0,0,0,0,0,0,0,0,0,1,0,0,0,0,0,0,0,0,1
177,800.0,7282,2.8,3.6,6.4,6.8,7.5,11.8,0.435894074,4.30650236,3141900,0.6,0.001,4506.7,1293519,230.552,0.7,0,0,0,0,0,0,0,0,0,0,0,0,0,0,0,0,0,0,0,0,0,0,0,0,1,0,0,0,0,0,0,0,0,0,0,0,0,0,0,0,0,0,0,0,0,0,0,0,0,0,0,0,0,1,0,0,0,0,1,0,0,0,0
143,775.5,1094,1.2,1.7,3.6,3.9,4.3,7.1,0.246085011,2.796420582,459500,0.61,0.006999999999999999,3213.4,373546,222.17,0.4,0,0,0,0,0,0,0,0,0,0,0,0,0,0,0,0,0,0,0,0,0,0,0,0,0,0,0,0,0,0,0,0,0,0,0,0,0,0,0,0,0,1,0,0,0,0,0,0,0,0,0,0,1,0,0,0,0,1,0,0,0,0,0
393,818.0,3871,1.1,1.6,3.4,3.7,4.5,7.5,0.314601866,3.037535257,1843600,0.6,0.003,4689.2,1743069,242.737,0.8,0,0,0,0,0,0,0,0,0,0,0,0,0,0,0,0,0,0,0,0,0,0,0,0,0,0,0,0,0,0,0,0,0,0,0,0,1,0,0,0,0,0,0,0,0,0,0,0,0,0,0,0,0,1,0,0,0,0,0,0,0,0,1
152,888.0,953,1.6,2.2,4.6,4.9,5.5,8.4,0.291356426,2.978310133,294100,0.67,0.006999999999999999,2011.9,268983,235.824,0.6,0,0,0,0,0,0,0,0,0,0,0,0,0,0,0,0,0,0,0,0,0,0,0,0,0,0,0,0,0,0,0,0,0,0,0,0,0,0,0,0,0,0,0,0,0,0,0,0,0,0,1,1,0,0,0,0,0,1,0,0,0,0,0
80,1116.0,3789,1.7,1.9,4.0,4.3,4.7,8.8,0.272718418,4.119996104,1032000,0.6,0.003,2593.8,619517,245.698,0.4,0,0,0,0,0,0,0,0,0,0,0,0,0,0,0,0,0,0,0,0,0,0,0,0,0,0,0,0,0,1,0,0,0,0,0,0,0,0,0,0,0,0,0,0,0,0,0,0,0,0,0,0,0,0,1,0,1,0,0,0,0,0,0
117,804.0,6096,3.9,4.2,7.7,7.9,8.7,13.2,0.323015649,4.600620943,3313900,0.57,0.001,3456.9,1356486,222.17,0.8,0,0,0,0,0,0,0,0,0,0,0,0,0,0,0,1,0,0,0,0,0,0,0,0,0,0,0,0,0,0,0,0,0,0,0,0,0,0,0,0,0,0,0,0,0,0,0,0,0,0,0,0,1,0,0,0,0,1,0,0,0,0,0
156,735.0,10495,3.3,3.1,7.0,7.6,8.6,14.7,0.6514974720000001,6.14870997,3235700,0.62,0.001,4289.2,1338838,230.552,1.0,0,0,0,1,0,0,0,0,0,0,0,0,0,0,0,0,0,0,0,0,0,0,0,0,0,0,0,0,0,0,0,0,0,0,0,0,0,0,0,0,0,0,0,0,0,0,0,0,0,0,0,0,0,1,0,0,0,0,1,0,0,0,0
258,746.0,9707,1.8,2.1,5.2,5.5,6.5,10.8,0.380134129,4.3576351330000005,3235700,0.62,0.001,4289.2,1360840,232.692,1.0,0,0,0,1,0,0,0,0,0,0,0,0,0,0,0,0,0,0,0,0,0,0,0,0,0,0,0,0,0,0,0,0,0,0,0,0,0,0,0,0,0,0,0,0,0,0,0,0,0,0,0,0,0,1,0,0,0,0,0,0,1,0,0
212,1952.0,953,2.5,3.0,5.0,5.4,5.9,9.6,0.3849443970000001,3.69974337,467600,0.57,0.012,5473.8,307569,230.147,0.5,0,0,0,0,0,0,0,0,1,0,0,0,0,0,0,0,0,0,0,0,0,0,0,0,0,0,0,0,0,0,0,0,0,0,0,0,0,0,0,0,0,0,0,0,0,0,0,0,0,0,0,0,0,1,0,0,0,0,0,1,0,0,0
315,1328.0,32190,1.8,1.9,4.1,4.4,5.0,9.1,0.345110603,4.109683863,10112700,0.69,0.0,4861.9,9439621,237.456,0.6,0,0,0,0,0,0,0,0,0,1,0,0,0,0,0,0,0,0,0,0,0,0,0,0,0,0,0,0,0,0,0,0,0,0,0,0,0,0,0,0,0,0,0,0,0,0,0,0,0,0,0,0,0,1,0,0,0,0,0,0,0,1,0
104,794.0,3812,3.7,3.8,7.8,8.4,9.6,13.7,0.59646708,4.167622543,1361900,0.6,0.004,4690.6,2891278,235.824,1.2,0,0,1,0,0,0,0,0,0,0,0,0,0,0,0,0,0,0,0,0,0,0,0,0,0,0,0,0,0,0,0,0,0,0,0,0,0,0,0,0,0,0,0,0,0,0,0,0,0,0,0,1,0,0,0,0,0,1,0,0,0,0,0
61,907.0,20516,5.4,4.4,9.1,9.9,10.7,15.7,0.824484697,5.038517593,5124500,0.63,0.001,3790.3,4115884,223.242,0.8,0,0,0,0,0,0,0,0,0,0,1,0,0,0,0,0,0,0,0,0,0,0,0,0,0,0,0,0,0,0,0,0,0,0,0,0,0,0,0,0,0,0,0,0,0,0,0,0,0,0,0,0,0,1,0,0,1,0,0,0,0,0,0
108,1168.0,4448,4.4,4.4,7.7,8.2,9.1,13.9,0.624831673,4.917856181,1915400,0.68,0.002,2827.3,1498183,249.038,0.9,0,0,0,0,0,0,1,0,0,0,0,0,0,0,0,0,0,0,0,0,0,0,0,0,0,0,0,0,0,0,0,0,0,0,0,0,0,0,0,0,0,0,0,0,0,0,0,0,0,0,0,0,0,0,1,0,0,1,0,0,0,0,0
127,757.0,2403,4.9,4.4,8.8,9.3,10.1,14.6,0.5716554189999999,4.573243351,1280600,0.58,0.002,2607.8,2735762,222.17,0.8,0,0,0,0,0,0,0,0,0,0,0,0,0,0,0,0,0,0,0,0,0,0,0,0,0,1,0,0,0,0,0,0,0,0,0,0,0,0,0,0,0,0,0,0,0,0,0,0,0,0,0,0,1,0,0,0,0,1,0,0,0,0,0
81,1406.0,1496,2.9,3.3,5.6,6.0,6.7,11.2,0.365506972,4.589143088999999,762100,0.6,0.003,1877.6,3571407,245.698,0.7,0,0,0,0,0,0,0,0,0,0,0,0,0,0,0,0,0,0,0,0,0,0,0,0,0,0,0,0,0,0,1,0,0,0,0,0,0,0,0,0,0,0,0,0,0,0,0,0,0,0,0,0,0,0,1,0,1,0,0,0,0,0,0
401,1041.0,2876,0.6,1.6,3.3,3.4,3.8,6.1,0.109458502,2.330822227,1553100,0.6,0.001,2057.2,1108763,263.263,0.4,0,0,0,0,0,0,0,0,0,0,0,0,0,0,0,0,0,0,0,0,0,0,0,0,0,0,0,0,0,0,0,0,0,0,0,0,0,0,0,0,0,0,0,0,1,0,0,0,0,0,0,1,0,0,0,0,0,0,0,0,0,0,1
297,937.0,8779,1.8,2.2,4.7,5.1,5.8,9.4,0.397241555,3.600597451,3146700,0.6,0.002,6436.4,2926477,232.692,0.7,0,0,0,0,0,0,0,0,0,0,0,0,0,0,0,0,0,0,0,0,0,0,0,0,0,0,0,0,0,0,0,0,0,0,0,0,0,0,0,0,0,0,1,0,0,0,0,0,0,0,0,0,0,1,0,0,0,0,0,0,1,0,0
44,905.0,3130,3.2,4.0,7.0,7.3,8.1,13.3,0.373025161,5.295494441000001,1612300,0.6,0.001,1969.5,990853,227.485,0.8,0,0,0,0,0,0,0,0,0,0,0,0,0,0,0,0,0,0,0,0,0,0,0,0,0,0,0,0,0,0,0,0,0,0,0,0,0,0,0,0,0,0,0,0,1,0,0,0,0,0,0,1,0,0,0,1,0,0,0,0,0,0,0
164,1928.0,6918,1.9,1.8,4.4,4.7,5.6,10.2,0.374139479,4.6692607000000015,690500,0.57,0.004,2391.1,528390,240.215,0.9,0,0,0,0,0,0,0,0,0,0,0,1,0,0,0,0,0,0,0,0,0,0,0,0,0,0,0,0,0,0,0,0,0,0,0,0,0,0,0,0,0,0,0,0,0,0,0,0,0,0,0,1,0,0,0,0,0,0,1,0,0,0,0
317,2048.0,7220,0.7,1.2,2.4,2.7,3.4,6.0,0.306748466,2.570844289,684600,0.57,0.003,2391.1,542853,254.738,0.7,0,0,0,0,0,0,0,0,0,0,0,1,0,0,0,0,0,0,0,0,0,0,0,0,0,0,0,0,0,0,0,0,0,0,0,0,0,0,0,0,0,0,0,0,0,0,0,0,0,0,0,1,0,0,0,0,0,0,0,0,0,1,0
89,914.0,14736,4.3,4.7,7.8,8.3,9.2,13.9,0.5551466079999999,4.790823212,6441300,0.61,0.001,3484.2,5599313,245.698,0.9,0,0,0,0,0,0,0,0,0,0,0,0,0,0,0,0,0,0,0,0,0,0,0,0,0,0,0,0,0,0,0,0,0,0,0,0,0,0,1,0,0,0,0,0,0,0,0,0,0,0,0,0,0,0,1,0,1,0,0,0,0,0,0
324,1084.0,3305,2.1,2.7,5.1,5.6,6.3,9.7,0.454136903,3.406026775,2113900,0.62,0.002,4967.3,2061222,237.456,0.7,0,0,0,0,0,0,0,0,0,0,0,0,0,0,0,0,0,0,1,0,0,0,0,0,0,0,0,0,0,0,0,0,0,0,0,0,0,0,0,0,0,0,0,0,0,0,0,0,0,0,0,0,0,1,0,0,0,0,0,0,0,1,0
406,810.0,1243,1.9,2.6,5.3,5.6,6.3,9.8,0.332310838,3.604294479,782400,0.54,0.004,3161.7,2710723,234.29,0.7,0,0,0,0,0,0,0,0,0,0,0,0,0,0,0,0,0,0,0,0,0,0,0,0,0,0,0,0,0,0,0,0,0,0,0,0,0,0,0,0,0,0,0,0,0,0,0,0,0,1,0,0,1,0,0,0,0,0,0,0,0,0,1
360,799.0,9865,1.6,1.8,4.7,4.8,6.0,9.1,0.187743847,3.1887119010000005,3408900,0.62,0.001,4289.2,1380504,242.737,1.2,0,0,0,1,0,0,0,0,0,0,0,0,0,0,0,0,0,0,0,0,0,0,0,0,0,0,0,0,0,0,0,0,0,0,0,0,0,0,0,0,0,0,0,0,0,0,0,0,0,0,0,0,0,1,0,0,0,0,0,0,0,0,1
220,815.0,2588,1.6,2.1,4.3,4.6,5.2,8.2,0.23416070100000005,3.0976115610000003,1494700,0.6,0.002,3545.0,1259013,224.21,0.6,0,0,0,0,0,0,0,0,0,0,0,0,0,0,0,0,1,0,0,0,0,0,0,0,0,0,0,0,0,0,0,0,0,0,0,0,0,0,0,0,0,0,0,0,0,0,0,0,0,0,0,0,1,0,0,0,0,0,0,1,0,0,0
335,1303.0,2501,0.8,1.3,2.8,3.0,3.5,6.1,0.15918814,2.656452094,1005100,0.58,0.003,2593.8,634616,259.538,0.5,0,0,0,0,0,0,0,0,0,0,0,0,0,0,0,0,0,0,0,0,0,0,0,0,0,0,0,0,0,1,0,0,0,0,0,0,0,0,0,0,0,0,0,0,0,0,0,0,0,0,0,0,0,0,1,0,0,0,0,0,0,1,0
166,1288.0,2104,1.5,2.3,4.7,4.8,5.6,10.3,0.129584035,4.729817287,808800,0.62,0.003,2078.8,5313235,225.425,0.8,0,0,0,0,0,0,0,0,0,0,0,0,0,1,0,0,0,0,0,0,0,0,0,0,0,0,0,0,0,0,0,0,0,0,0,0,0,0,0,0,0,0,0,0,0,0,0,0,0,0,0,0,1,0,0,0,0,0,1,0,0,0,0
167,756.0,13107,3.9,3.8,7.0,7.4,8.2,12.7,0.420090764,4.614865694,6578400,0.63,0.001,4147.8,2826191,225.425,0.8,0,0,0,0,0,0,0,0,0,0,0,0,0,0,1,0,0,0,0,0,0,0,0,0,0,0,0,0,0,0,0,0,0,0,0,0,0,0,0,0,0,0,0,0,0,0,0,0,0,0,0,0,1,0,0,0,0,0,1,0,0,0,0
267,767.0,3064,0.9,2.1,3.9,4.1,4.6,7.2,0.175049597,2.67825884,1713800,0.55,0.002,2636.6,709792,247.705,0.5,0,0,0,0,0,0,0,0,0,0,0,0,1,0,0,0,0,0,0,0,0,0,0,0,0,0,0,0,0,0,0,0,0,0,0,0,0,0,0,0,0,0,0,0,0,0,0,0,0,0,0,1,0,0,0,0,0,0,0,0,1,0,0
7,929.0,6546,6.7,5.0,10.4,11.1,12.4,15.8,0.759124088,3.386861314,411900,0.64,0.035,11979.6,408935,218.618,1.3,0,0,0,0,0,0,0,1,0,0,0,0,0,0,0,0,0,0,0,0,0,0,0,0,0,0,0,0,0,0,0,0,0,0,0,0,0,0,0,0,0,0,0,0,0,0,0,0,0,0,0,0,0,1,0,1,0,0,0,0,0,0,0
287,2037.0,2263,2.5,3.2,6.8,7.3,8.1,12.6,0.5144143179999999,4.6404458260000006,933100,0.59,0.006,5592.9,8283133,254.85,0.8,0,0,0,0,0,0,0,0,0,0,0,0,0,0,0,0,0,0,0,0,0,0,0,0,0,0,0,0,0,0,0,0,1,0,0,0,0,0,0,0,0,0,0,0,0,0,0,0,0,0,0,0,0,0,1,0,0,0,0,0,1,0,0
115,1200.0,1781,2.3,2.9,6.5,6.9,7.7,12.7,0.375988591,5.069363412,831400,0.62,0.003,2078.8,5313235,222.17,0.8,0,0,0,0,0,0,0,0,0,0,0,0,0,1,0,0,0,0,0,0,0,0,0,0,0,0,0,0,0,0,0,0,0,0,0,0,0,0,0,0,0,0,0,0,0,0,0,0,0,0,0,0,1,0,0,0,0,1,0,0,0,0,0
326,1420.0,7247,2.0,2.0,4.2,4.4,5.0,8.0,0.202277961,2.9532582310000004,3213400,0.59,0.001,4762.6,2448749,237.456,0.6,0,0,0,0,0,0,0,0,0,0,0,0,0,0,0,0,0,0,0,0,1,0,0,0,0,0,0,0,0,0,0,0,0,0,0,0,0,0,0,0,0,0,0,0,0,0,0,0,0,0,0,0,0,1,0,0,0,0,0,0,0,1,0
239,784.0,11182,2.0,2.1,4.9,5.3,6.3,10.1,0.428701947,3.891700049,5691600,0.57,0.001,2994.8,5173970,224.21,1.0,0,0,0,0,0,0,0,0,0,0,0,0,0,0,0,0,0,0,0,0,0,0,0,0,0,0,0,0,0,0,0,0,0,0,0,1,0,0,0,0,0,0,0,0,0,0,0,0,0,0,0,0,1,0,0,0,0,0,0,1,0,0,0
342,818.0,4199,1.6,1.9,4.4,4.6,5.3,7.4,0.239247458,2.153227122,1839100,0.6,0.003,4689.2,1733886,237.456,0.7,0,0,0,0,0,0,0,0,0,0,0,0,0,0,0,0,0,0,0,0,0,0,0,0,0,0,0,0,0,0,0,0,0,0,0,0,1,0,0,0,0,0,0,0,0,0,0,0,0,0,0,0,0,1,0,0,0,0,0,0,0,1,0
136,865.0,77430,4.6,4.5,7.6,8.3,9.2,13.8,0.7034604040000001,4.690425697,9698500,0.7,0.0,4060.3,341613,222.17,0.9,0,0,0,0,0,0,0,0,0,0,0,0,0,0,0,0,0,0,0,0,0,0,0,0,0,0,0,0,0,0,0,0,0,0,1,0,0,0,0,0,0,0,0,0,0,0,0,0,0,0,0,0,1,0,0,0,0,1,0,0,0,0,0
216,723.0,3081,0.9,1.8,3.6,3.7,4.3,7.0,0.088235294,2.717647059,1700000,0.55,0.002,2636.6,700089,243.015,0.6,0,0,0,0,0,0,0,0,0,0,0,0,1,0,0,0,0,0,0,0,0,0,0,0,0,0,0,0,0,0,0,0,0,0,0,0,0,0,0,0,0,0,0,0,0,0,0,0,0,0,0,1,0,0,0,0,0,0,0,1,0,0,0
249,1371.0,7001,2.0,2.0,4.5,4.8,5.6,9.8,0.367446602,4.297939928,4218300,0.59,0.0,1899.6,330900,252.185,0.8,0,0,0,0,0,0,0,0,0,0,0,0,0,0,0,0,0,0,0,0,0,0,0,0,0,0,0,0,0,0,0,0,0,0,0,0,0,0,0,0,0,0,0,0,0,1,0,0,0,0,0,0,0,0,1,0,0,0,0,1,0,0,0
389,2123.0,2551,1.9,1.7,4.7,5.0,5.6,9.1,0.317124736,3.488372093,946000,0.59,0.006,5592.9,8363934,265.139,0.6,0,0,0,0,0,0,0,0,0,0,0,0,0,0,0,0,0,0,0,0,0,0,0,0,0,0,0,0,0,0,0,0,1,0,0,0,0,0,0,0,0,0,0,0,0,0,0,0,0,0,0,0,0,0,1,0,0,0,0,0,0,0,1
276,2007.0,2241,1.6,1.9,3.9,4.2,4.8,8.7,0.274130717,3.953253499,693100,0.56,0.002,1227.3,2881928,254.85,0.6,0,0,0,0,0,0,0,0,0,0,0,0,0,0,0,0,0,0,0,0,0,1,0,0,0,0,0,0,0,0,0,0,0,0,0,0,0,0,0,0,0,0,0,0,0,0,0,0,0,0,0,0,0,0,1,0,0,0,0,0,1,0,0
145,904.0,29615,2.9,2.9,6.3,6.6,7.3,11.3,0.345988405,4.074714793,13490500,0.65,0.0,4081.1,10298263,226.721,0.7,0,0,0,0,0,0,0,0,0,0,0,0,0,0,0,0,0,0,0,0,0,0,0,0,0,0,0,0,0,0,0,0,0,0,0,0,0,0,0,0,0,0,0,1,0,0,0,0,0,0,0,0,0,1,0,0,0,1,0,0,0,0,0
282,744.0,9559,2.3,2.2,5.0,5.4,6.3,9.4,0.4042601220000001,3.229976811,4873100,0.59,0.001,3535.8,830751,226.115,0.9,0,0,0,0,0,0,0,0,0,0,0,0,0,0,0,0,0,0,0,0,0,0,0,0,0,0,0,1,0,0,0,0,0,0,0,0,0,0,0,0,0,0,0,0,0,0,0,0,0,0,0,0,1,0,0,0,0,0,0,0,1,0,0
237,912.0,8743,3.0,3.5,6.9,7.3,8.3,13.9,0.489818767,5.69589252,1429100,0.69,0.004,6084.9,4515670,230.147,1.0,0,0,0,0,0,0,0,0,0,0,0,0,0,0,0,0,0,0,0,0,0,0,0,0,0,0,0,0,0,0,0,0,0,1,0,0,0,0,0,0,0,0,0,0,0,0,0,0,0,0,0,0,0,1,0,0,0,0,0,1,0,0,0
232,895.0,1305,0.7,1.4,2.7,2.9,3.4,5.3,0.16895969100000002,1.930967898,414300,0.59,0.006,2437.8,1218584,243.015,0.5,0,0,0,0,0,0,0,0,0,0,0,0,0,0,0,0,0,0,0,0,0,0,0,0,0,0,0,0,1,0,0,0,0,0,0,0,0,0,0,0,0,0,0,0,0,0,0,0,0,0,0,1,0,0,0,0,0,0,0,1,0,0,0
49,765.1666667000002,2211,4.6,4.1,8.1,8.6,9.3,13.7,0.578470825,4.401408451,801300,0.55,0.004,2963.4,2632911,214.743,0.7,0,0,0,0,0,0,0,0,0,0,0,0,0,0,0,0,0,0,0,0,0,0,0,0,0,0,0,0,0,0,0,0,0,0,0,0,0,0,0,0,0,0,0,0,0,0,0,0,0,1,0,0,1,0,0,1,0,0,0,0,0,0,0
37,799.0,17254,5.3,5.8,9.4,9.8,10.9,17.5,0.4590131220000001,6.6556902660000015,2108600,0.59,0.001,2492.7,1683721,227.485,1.1,0,0,0,0,0,0,0,0,0,0,0,0,0,0,0,0,0,0,0,0,0,0,0,0,0,0,0,0,0,0,0,0,0,0,0,0,0,1,0,0,0,0,0,0,0,0,0,0,0,0,0,1,0,0,0,1,0,0,0,0,0,0,0
34,874.0,63445,5.0,4.9,8.1,9.0,9.9,14.3,0.933224037,4.510582845,9491800,0.69,0.0,3967.7,322584,214.743,0.9,0,0,0,0,0,0,0,0,0,0,0,0,0,0,0,0,0,0,0,0,0,0,0,0,0,0,0,0,0,0,0,0,0,0,1,0,0,0,0,0,0,0,0,0,0,0,0,0,0,0,0,0,1,0,0,1,0,0,0,0,0,0,0
338,2123.0,2482,2.4,2.8,6.1,6.4,7.3,11.3,0.29072897600000003,4.005599225,928700,0.59,0.006,5592.9,8322887,259.538,0.9,0,0,0,0,0,0,0,0,0,0,0,0,0,0,0,0,0,0,0,0,0,0,0,0,0,0,0,0,0,0,0,0,1,0,0,0,0,0,0,0,0,0,0,0,0,0,0,0,0,0,0,0,0,0,1,0,0,0,0,0,0,1,0
23,895.0,7495,3.3,3.6,6.5,6.8,7.6,12.8,0.370257142,5.322871021,3107200,0.59,0.001,2304.2,2356136,214.743,0.8,0,0,0,0,0,0,0,0,0,0,0,0,0,0,0,0,0,0,0,0,0,0,0,1,0,0,0,0,0,0,0,0,0,0,0,0,0,0,0,0,0,0,0,0,0,0,0,0,0,0,0,0,1,0,0,1,0,0,0,0,0,0,0
330,858.0,6037,1.2,2.2,3.8,4.0,4.7,7.1,0.229266348,2.428894205,3009600,0.6,0.001,4506.7,1323577,237.456,0.7,0,0,0,0,0,0,0,0,0,0,0,0,0,0,0,0,0,0,0,0,0,0,0,0,1,0,0,0,0,0,0,0,0,0,0,0,0,0,0,0,0,0,0,0,0,0,0,0,0,0,0,0,0,1,0,0,0,0,0,0,0,1,0
235,768.0,10098,3.2,3.4,5.8,6.2,6.9,10.4,0.44888439,3.632882982,4544600,0.64,0.001,2898.9,927833,243.015,0.7,0,0,0,0,0,0,0,0,0,0,0,0,0,0,0,0,0,0,0,0,0,0,0,0,0,0,0,0,0,0,0,1,0,0,0,0,0,0,0,0,0,0,0,0,0,0,0,0,0,0,0,1,0,0,0,0,0,0,0,1,0,0,0
240,754.0,3777,1.5,2.0,4.3,4.6,5.3,8.0,0.370529481,2.7762861130000003,1862200,0.6,0.003,4689.2,1714121,230.147,0.7,0,0,0,0,0,0,0,0,0,0,0,0,0,0,0,0,0,0,0,0,0,0,0,0,0,0,0,0,0,0,0,0,0,0,0,0,1,0,0,0,0,0,0,0,0,0,0,0,0,0,0,0,0,1,0,0,0,0,0,1,0,0,0
10,898.0,20975,6.3,5.8,10.1,10.8,11.8,17.1,0.81226309,5.460907235,5083700,0.64,0.001,3746.5,4103197,218.618,1.0,0,0,0,0,0,0,0,0,0,0,1,0,0,0,0,0,0,0,0,0,0,0,0,0,0,0,0,0,0,0,0,0,0,0,0,0,0,0,0,0,0,0,0,0,0,0,0,0,0,0,0,0,0,1,0,1,0,0,0,0,0,0,0
66,775.0,6259,3.9,4.6,8.3,8.6,9.3,14.2,0.357708135,4.963596075,3411800,0.58,0.001,3456.9,1348811,219.1,0.7,0,0,0,0,0,0,0,0,0,0,0,0,0,0,0,1,0,0,0,0,0,0,0,0,0,0,0,0,0,0,0,0,0,0,0,0,0,0,0,0,0,0,0,0,0,0,0,0,0,0,0,0,1,0,0,0,1,0,0,0,0,0,0
28,847.0,603,1.2,1.5,3.6,3.7,4.2,6.6,0.105485232,2.39978903,405300,0.59,0.006999999999999999,2479.1,1181309,227.485,0.5,0,0,0,0,0,0,0,0,0,0,0,0,0,0,0,0,0,0,0,0,0,0,0,0,0,0,0,0,1,0,0,0,0,0,0,0,0,0,0,0,0,0,0,0,0,0,0,0,0,0,0,1,0,0,0,1,0,0,0,0,0,0,0
207,736.0,9896,2.2,3.0,6.0,6.5,7.4,12.8,0.440626387,5.503074875,3154600,0.62,0.001,4289.2,1353037,230.147,0.9,0,0,0,1,0,0,0,0,0,0,0,0,0,0,0,0,0,0,0,0,0,0,0,0,0,0,0,0,0,0,0,0,0,0,0,0,0,0,0,0,0,0,0,0,0,0,0,0,0,0,0,0,0,1,0,0,0,0,0,1,0,0,0
396,1256.0,1101,1.7,2.2,4.1,4.2,4.8,7.4,0.071505184,2.645691813,559400,0.59,0.005,2519.0,469157,265.139,0.6,0,0,0,0,0,0,0,0,0,0,0,0,0,0,0,0,0,0,0,0,0,0,0,0,0,0,0,0,0,0,0,0,0,0,0,0,0,0,0,1,0,0,0,0,0,0,0,0,0,0,0,0,0,0,1,0,0,0,0,0,0,0,1
124,743.0,11527,4.7,4.2,8.6,9.2,10.1,15.3,0.596509783,5.298783712,4867800,0.61,0.001,4543.6,4546128,222.17,0.9,0,0,0,0,0,0,0,0,0,0,0,0,0,0,0,0,0,0,0,0,0,0,1,0,0,0,0,0,0,0,0,0,0,0,0,0,0,0,0,0,0,0,0,0,0,0,0,0,0,0,0,0,1,0,0,0,0,1,0,0,0,0,0
229,762.0,1983,2.8,3.1,6.5,6.9,7.7,11.7,0.51510185,3.980332475,1281300,0.58,0.002,2607.8,2760166,224.21,0.8,0,0,0,0,0,0,0,0,0,0,0,0,0,0,0,0,0,0,0,0,0,0,0,0,0,1,0,0,0,0,0,0,0,0,0,0,0,0,0,0,0,0,0,0,0,0,0,0,0,0,0,0,1,0,0,0,0,0,0,1,0,0,0
161,1945.0,901,3.0,3.0,5.8,6.5,7.1,11.2,0.6637168139999999,4.137168142,474500,0.57,0.012,5473.8,302494,230.552,0.6,0,0,0,0,0,0,0,0,1,0,0,0,0,0,0,0,0,0,0,0,0,0,0,0,0,0,0,0,0,0,0,0,0,0,0,0,0,0,0,0,0,0,0,0,0,0,0,0,0,0,0,0,0,1,0,0,0,0,1,0,0,0,0
194,725.0,885,1.0,1.5,3.5,3.7,4.2,6.4,0.244118953,2.174877941,452200,0.61,0.006999999999999999,3213.4,373546,225.425,0.5,0,0,0,0,0,0,0,0,0,0,0,0,0,0,0,0,0,0,0,0,0,0,0,0,0,0,0,0,0,0,0,0,0,0,0,0,0,0,0,0,0,1,0,0,0,0,0,0,0,0,0,0,1,0,0,0,0,0,1,0,0,0,0
137,736.0,12325,3.9,3.9,7.6,8.0,8.9,13.6,0.45972171,4.797248688,5777800,0.57,0.001,2994.8,5149978,222.17,0.9,0,0,0,0,0,0,0,0,0,0,0,0,0,0,0,0,0,0,0,0,0,0,0,0,0,0,0,0,0,0,0,0,0,0,0,1,0,0,0,0,0,0,0,0,0,0,0,0,0,0,0,0,1,0,0,0,0,1,0,0,0,0,0
298,1157.0,23122,1.7,2.1,4.6,4.8,5.4,8.6,0.285532282,3.252519954,13343500,0.65,0.0,4081.1,10770794,232.692,0.6,0,0,0,0,0,0,0,0,0,0,0,0,0,0,0,0,0,0,0,0,0,0,0,0,0,0,0,0,0,0,0,0,0,0,0,0,0,0,0,0,0,0,0,1,0,0,0,0,0,0,0,0,0,1,0,0,0,0,0,0,1,0,0
234,1498.0,1445,1.3,1.9,3.4,3.7,4.2,8.0,0.25589225600000004,3.797979798,742500,0.58,0.003,1877.6,3593716,252.185,0.5,0,0,0,0,0,0,0,0,0,0,0,0,0,0,0,0,0,0,0,0,0,0,0,0,0,0,0,0,0,0,1,0,0,0,0,0,0,0,0,0,0,0,0,0,0,0,0,0,0,0,0,0,0,0,1,0,0,0,0,1,0,0,0
112,915.0,16971,4.8,4.0,8.2,9.0,9.9,14.8,0.855781797,4.980818684,5060800,0.63,0.001,3790.3,4134091,226.721,0.9,0,0,0,0,0,0,0,0,0,0,1,0,0,0,0,0,0,0,0,0,0,0,0,0,0,0,0,0,0,0,0,0,0,0,0,0,0,0,0,0,0,0,0,0,0,0,0,0,0,0,0,0,0,1,0,0,0,1,0,0,0,0,0
69,893.0,7772,3.9,3.0,7.1,7.6,8.5,11.9,0.558121632,3.45939184,2112700,0.64,0.002,4967.3,1990707,223.242,0.9,0,0,0,0,0,0,0,0,0,0,0,0,0,0,0,0,0,0,1,0,0,0,0,0,0,0,0,0,0,0,0,0,0,0,0,0,0,0,0,0,0,0,0,0,0,0,0,0,0,0,0,0,0,1,0,0,1,0,0,0,0,0,0
132,1399.0,1447,2.5,3.0,5.2,5.4,6.2,10.9,0.215227334,4.788808179,741000,0.58,0.003,1877.6,3577670,249.038,0.8,0,0,0,0,0,0,0,0,0,0,0,0,0,0,0,0,0,0,0,0,0,0,0,0,0,0,0,0,0,0,1,0,0,0,0,0,0,0,0,0,0,0,0,0,0,0,0,0,0,0,0,0,0,0,1,0,0,1,0,0,0,0,0
100,675.0,2410,3.9,4.1,7.4,7.9,8.5,13.1,0.5178153129999999,4.598693133,782400,0.55,0.004,3161.7,2638997,219.1,0.6,0,0,0,0,0,0,0,0,0,0,0,0,0,0,0,0,0,0,0,0,0,0,0,0,0,0,0,0,0,0,0,0,0,0,0,0,0,0,0,0,0,0,0,0,0,0,0,0,0,1,0,0,1,0,0,0,1,0,0,0,0,0,0
316,1184.0,10174,2.2,2.1,4.7,5.1,5.9,8.8,0.4643534620000001,3.0034777110000004,5060800,0.63,0.001,3790.3,4280892,237.456,0.8,0,0,0,0,0,0,0,0,0,0,1,0,0,0,0,0,0,0,0,0,0,0,0,0,0,0,0,0,0,0,0,0,0,0,0,0,0,0,0,0,0,0,0,0,0,0,0,0,0,0,0,0,0,1,0,0,0,0,0,0,0,1,0
386,1303.0,2421,0.7,1.2,2.8,3.0,3.7,5.8,0.174418605,2.160852713,1032000,0.58,0.003,2593.8,638091,265.139,0.7,0,0,0,0,0,0,0,0,0,0,0,0,0,0,0,0,0,0,0,0,0,0,0,0,0,0,0,0,0,1,0,0,0,0,0,0,0,0,0,0,0,0,0,0,0,0,0,0,0,0,0,0,0,0,1,0,0,0,0,0,0,0,1
328,838.0,9051,1.5,2.3,4.7,4.9,5.6,9.1,0.291712889,3.541640988,4867800,0.61,0.001,4543.6,4594731,229.874,0.7,0,0,0,0,0,0,0,0,0,0,0,0,0,0,0,0,0,0,0,0,0,0,1,0,0,0,0,0,0,0,0,0,0,0,0,0,0,0,0,0,0,0,0,0,0,0,0,0,0,0,0,0,1,0,0,0,0,0,0,0,0,1,0
373,847.0,2216,0.9,1.6,3.4,3.6,4.0,6.0,0.161605279,2.033533095,1485100,0.6,0.002,3545.0,1280774,234.29,0.4,0,0,0,0,0,0,0,0,0,0,0,0,0,0,0,0,1,0,0,0,0,0,0,0,0,0,0,0,0,0,0,0,0,0,0,0,0,0,0,0,0,0,0,0,0,0,0,0,0,0,0,0,1,0,0,0,0,0,0,0,0,0,1
246,876.0,9123,2.3,2.7,5.7,6.2,6.9,10.7,0.576406204,3.859978628,3088100,0.6,0.002,6436.4,2898726,230.147,0.7,0,0,0,0,0,0,0,0,0,0,0,0,0,0,0,0,0,0,0,0,0,0,0,0,0,0,0,0,0,0,0,0,0,0,0,0,0,0,0,0,0,0,1,0,0,0,0,0,0,0,0,0,0,1,0,0,0,0,0,1,0,0,0
85,763.0,69566,5.5,5.0,8.7,9.3,10.3,14.9,0.725229185,4.600443718999999,9703900,0.71,0.0,4060.3,330734,219.1,1.0,0,0,0,0,0,0,0,0,0,0,0,0,0,0,0,0,0,0,0,0,0,0,0,0,0,0,0,0,0,0,0,0,0,0,1,0,0,0,0,0,0,0,0,0,0,0,0,0,0,0,0,0,1,0,0,0,1,0,0,0,0,0,0
274,1032.0,19608,1.7,2.0,3.7,4.2,5.0,8.1,0.491816944,3.164855928,3598900,0.64,0.001,4048.3,738791,254.85,0.8,0,0,0,0,0,0,0,0,0,0,0,0,0,0,0,0,0,0,0,1,0,0,0,0,0,0,0,0,0,0,0,0,0,0,0,0,0,0,0,0,0,0,0,0,0,0,0,0,0,0,0,0,0,0,1,0,0,0,0,0,1,0,0
309,799.0,8947,1.7,2.0,4.7,5.0,5.8,9.5,0.27898232100000003,3.711677836,3297700,0.62,0.001,4289.2,1370000,237.456,0.8,0,0,0,1,0,0,0,0,0,0,0,0,0,0,0,0,0,0,0,0,0,0,0,0,0,0,0,0,0,0,0,0,0,0,0,0,0,0,0,0,0,0,0,0,0,0,0,0,0,0,0,0,0,1,0,0,0,0,0,0,0,1,0
272,830.0,4237,2.0,2.3,4.9,5.5,6.0,9.7,0.578871201,3.682818504,2003900,0.57,0.001,2225.1,1972675,232.692,0.5,0,0,0,0,0,0,0,0,0,0,0,0,0,0,0,0,0,1,0,0,0,0,0,0,0,0,0,0,0,0,0,0,0,0,0,0,0,0,0,0,0,0,0,0,0,0,0,0,0,0,0,0,0,1,0,0,0,0,0,0,1,0,0
110,2015.0,946,3.8,4.0,7.0,7.6,8.4,13.5,0.6157354620000001,5.108323831,477200,0.57,0.012,5473.8,302494,226.721,0.8,0,0,0,0,0,0,0,0,1,0,0,0,0,0,0,0,0,0,0,0,0,0,0,0,0,0,0,0,0,0,0,0,0,0,0,0,0,0,0,0,0,0,0,0,0,0,0,0,0,0,0,0,0,1,0,0,0,1,0,0,0,0,0
185,1796.0,2746,4.0,2.6,7.0,7.6,9.1,13.2,0.5679956310000001,4.150737302,933100,0.59,0.006,5592.9,8194675,252.463,1.5,0,0,0,0,0,0,0,0,0,0,0,0,0,0,0,0,0,0,0,0,0,0,0,0,0,0,0,0,0,0,0,0,1,0,0,0,0,0,0,0,0,0,0,0,0,0,0,0,0,0,0,0,0,0,1,0,0,0,1,0,0,0,0
336,1648.0,1456,0.9,1.5,2.8,2.9,3.5,6.2,0.12145749,2.6990553310000003,741000,0.58,0.003,1877.6,3615827,259.538,0.6,0,0,0,0,0,0,0,0,0,0,0,0,0,0,0,0,0,0,0,0,0,0,0,0,0,0,0,0,0,0,1,0,0,0,0,0,0,0,0,0,0,0,0,0,0,0,0,0,0,0,0,0,0,0,1,0,0,0,0,0,0,1,0
337,801.0,8536,2.2,2.2,4.6,5.0,5.6,9.2,0.360729475,3.669643056,4490900,0.64,0.001,2898.9,937842,254.738,0.6,0,0,0,0,0,0,0,0,0,0,0,0,0,0,0,0,0,0,0,0,0,0,0,0,0,0,0,0,0,0,0,1,0,0,0,0,0,0,0,0,0,0,0,0,0,0,0,0,0,0,0,1,0,0,0,0,0,0,0,0,0,1,0
151,700.0,2240,3.6,3.7,6.6,7.1,7.9,12.0,0.548765278,4.215515091,782100,0.54,0.004,3161.7,2647095,222.17,0.8,0,0,0,0,0,0,0,0,0,0,0,0,0,0,0,0,0,0,0,0,0,0,0,0,0,0,0,0,0,0,0,0,0,0,0,0,0,0,0,0,0,0,0,0,0,0,0,0,0,1,0,0,1,0,0,0,0,1,0,0,0,0,0
187,905.0,80590,3.6,3.6,6.4,6.9,7.9,12.4,0.62377678,4.604016871000001,9624800,0.7,0.0,4060.3,341613,225.425,1.0,0,0,0,0,0,0,0,0,0,0,0,0,0,0,0,0,0,0,0,0,0,0,0,0,0,0,0,0,0,0,0,0,0,0,1,0,0,0,0,0,0,0,0,0,0,0,0,0,0,0,0,0,1,0,0,0,0,0,1,0,0,0,0
387,1648.0,1450,0.9,1.2,2.6,2.7,3.0,5.6,0.091851463,2.545597691,762100,0.58,0.002,1877.6,3628302,265.139,0.3,0,0,0,0,0,0,0,0,0,0,0,0,0,0,0,0,0,0,0,0,0,0,0,0,0,0,0,0,0,0,1,0,0,0,0,0,0,0,0,0,0,0,0,0,0,0,0,0,0,0,0,0,0,0,1,0,0,0,0,0,0,0,1
122,1361.0,8205,3.5,3.7,6.7,7.3,8.4,12.5,0.632790029,4.157877916,3213400,0.59,0.002,4762.6,2404439,226.721,1.1,0,0,0,0,0,0,0,0,0,0,0,0,0,0,0,0,0,0,0,0,1,0,0,0,0,0,0,0,0,0,0,0,0,0,0,0,0,0,0,0,0,0,0,0,0,0,0,0,0,0,0,0,0,1,0,0,0,1,0,0,0,0,0
318,820.0,2756,1.1,1.6,3.2,3.5,3.8,6.2,0.279961878,2.430307362,1678800,0.55,0.002,2636.6,721677,254.738,0.3,0,0,0,0,0,0,0,0,0,0,0,0,1,0,0,0,0,0,0,0,0,0,0,0,0,0,0,0,0,0,0,0,0,0,0,0,0,0,0,0,0,0,0,0,0,0,0,0,0,0,0,1,0,0,0,0,0,0,0,0,0,1,0
131,1142.0,3145,1.5,1.8,4.1,4.3,4.7,8.0,0.20378457100000005,3.299369238,1005100,0.58,0.003,2593.8,621535,249.038,0.4,0,0,0,0,0,0,0,0,0,0,0,0,0,0,0,0,0,0,0,0,0,0,0,0,0,0,0,0,0,1,0,0,0,0,0,0,0,0,0,0,0,0,0,0,0,0,0,0,0,0,0,0,0,0,1,0,0,1,0,0,0,0,0
138,753.0,4408,2.2,2.7,5.6,5.9,6.8,10.2,0.369064669,3.470309574,1839100,0.6,0.003,4689.2,1690266,226.721,0.9,0,0,0,0,0,0,0,0,0,0,0,0,0,0,0,0,0,0,0,0,0,0,0,0,0,0,0,0,0,0,0,0,0,0,0,0,1,0,0,0,0,0,0,0,0,0,0,0,0,0,0,0,0,1,0,0,0,1,0,0,0,0,0
203,911.0,757,1.4,1.9,4.4,4.5,5.0,7.5,0.161290323,2.483870968,310000,0.67,0.006,2011.9,268983,240.215,0.5,0,0,0,0,0,0,0,0,0,0,0,0,0,0,0,0,0,0,0,0,0,0,0,0,0,0,0,0,0,0,0,0,0,0,0,0,0,0,0,0,0,0,0,0,0,0,0,0,0,0,1,1,0,0,0,0,0,0,1,0,0,0,0
248,856.0,3025,1.0,1.6,3.6,3.8,4.3,7.5,0.28842192,3.165773932,1456200,0.6,0.001,2057.2,1045154,243.015,0.5,0,0,0,0,0,0,0,0,0,0,0,0,0,0,0,0,0,0,0,0,0,0,0,0,0,0,0,0,0,0,0,0,0,0,0,0,0,0,0,0,0,0,0,0,1,0,0,0,0,0,0,1,0,0,0,0,0,0,0,1,0,0,0
92,623.0,859,1.4,2.0,4.6,4.9,5.5,8.5,0.340754203,2.975920036,458200,0.63,0.006999999999999999,3213.4,369616,219.1,0.6,0,0,0,0,0,0,0,0,0,0,0,0,0,0,0,0,0,0,0,0,0,0,0,0,0,0,0,0,0,0,0,0,0,0,0,0,0,0,0,0,0,1,0,0,0,0,0,0,0,0,0,0,1,0,0,0,1,0,0,0,0,0,0
346,1057.0,3916,1.9,2.0,4.4,4.7,5.4,7.8,0.306091215,2.396256942,2286900,0.58,0.002,5591.0,2284296,237.456,0.7,0,0,0,0,0,0,0,0,0,0,0,0,0,0,0,0,0,0,0,0,0,0,0,0,0,0,0,0,0,0,0,0,0,0,0,0,0,0,0,0,1,0,0,0,0,0,0,0,0,0,0,0,0,1,0,0,0,0,0,0,0,1,0
367,1184.0,9499,1.4,1.5,3.9,4.3,5.0,8.0,0.441018636,3.0149282860000004,5124500,0.63,0.001,3790.3,4326105,242.737,0.7,0,0,0,0,0,0,0,0,0,0,1,0,0,0,0,0,0,0,0,0,0,0,0,0,0,0,0,0,0,0,0,0,0,0,0,0,0,0,0,0,0,0,0,0,0,0,0,0,0,0,0,0,0,1,0,0,0,0,0,0,0,0,1
195,843.0,9415,2.8,3.4,6.6,7.1,8.0,13.1,0.520005299,5.20336513,3146700,0.6,0.002,6436.4,2855320,230.552,0.9,0,0,0,0,0,0,0,0,0,0,0,0,0,0,0,0,0,0,0,0,0,0,0,0,0,0,0,0,0,0,0,0,0,0,0,0,0,0,0,0,0,0,1,0,0,0,0,0,0,0,0,0,0,1,0,0,0,0,1,0,0,0,0
62,1928.0,6246,3.3,3.2,6.0,6.4,7.5,12.8,0.451783767,5.296775199,680300,0.58,0.004,2391.1,525678,232.376,1.1,0,0,0,0,0,0,0,0,0,0,0,1,0,0,0,0,0,0,0,0,0,0,0,0,0,0,0,0,0,0,0,0,0,0,0,0,0,0,0,0,0,0,0,0,0,0,0,0,0,0,0,1,0,0,0,0,1,0,0,0,0,0,0
391,818.0,91897,1.7,2.0,4.1,4.5,5.3,8.1,0.408083348,2.812271355,9703900,0.7,0.0,4060.3,377649,234.29,0.8,0,0,0,0,0,0,0,0,0,0,0,0,0,0,0,0,0,0,0,0,0,0,0,0,0,0,0,0,0,0,0,0,0,0,1,0,0,0,0,0,0,0,0,0,0,0,0,0,0,0,0,0,1,0,0,0,0,0,0,0,0,0,1
174,1853.0,2726,2.4,3.1,5.7,6.2,7.1,11.9,0.503452244,4.876294591000001,693100,0.56,0.002,1227.3,2838360,252.463,0.9,0,0,0,0,0,0,0,0,0,0,0,0,0,0,0,0,0,0,0,0,0,1,0,0,0,0,0,0,0,0,0,0,0,0,0,0,0,0,0,0,0,0,0,0,0,0,0,0,0,0,0,0,0,0,1,0,0,0,1,0,0,0,0
333,776.0,8962,1.8,2.2,4.5,4.8,5.5,8.2,0.283332314,2.66617746,4905900,0.59,0.001,3535.8,837443,229.874,0.7,0,0,0,0,0,0,0,0,0,0,0,0,0,0,0,0,0,0,0,0,0,0,0,0,0,0,0,1,0,0,0,0,0,0,0,0,0,0,0,0,0,0,0,0,0,0,0,0,0,0,0,0,1,0,0,0,0,0,0,0,0,1,0
45,1432.0,8816,3.9,3.6,6.5,6.9,7.6,11.8,0.439154328,4.257157256,4434300,0.59,0.0,1974.4,324436,240.997,0.7,0,0,0,0,0,0,0,0,0,0,0,0,0,0,0,0,0,0,0,0,0,0,0,0,0,0,0,0,0,0,0,0,0,0,0,0,0,0,0,0,0,0,0,0,0,1,0,0,0,0,0,0,0,0,1,1,0,0,0,0,0,0,0
352,1413.0,1225,1.0,1.5,3.1,3.3,3.9,6.4,0.202839757,2.492031295,345100,0.58,0.004,1425.6,3512469,237.456,0.6,0,0,0,0,0,0,0,0,0,0,0,0,0,0,0,0,0,0,0,0,0,0,0,0,0,0,0,0,0,0,0,0,0,0,0,0,0,0,0,0,0,0,0,0,0,0,1,0,0,0,0,0,0,1,0,0,0,0,0,0,0,1,0
130,838.0,2069,0.9,1.5,2.9,3.0,3.5,5.6,0.196608503,2.211845662,416200,0.59,0.006,2437.8,1195523,235.824,0.5,0,0,0,0,0,0,0,0,0,0,0,0,0,0,0,0,0,0,0,0,0,0,0,0,0,0,0,0,1,0,0,0,0,0,0,0,0,0,0,0,0,0,0,0,0,0,0,0,0,0,0,1,0,0,0,0,0,1,0,0,0,0,0
50,888.0,1038,2.4,2.9,5.9,6.2,6.7,10.6,0.26818639,3.888702648,292200,0.63,0.006999999999999999,2192.8,264695,227.485,0.5,0,0,0,0,0,0,0,0,0,0,0,0,0,0,0,0,0,0,0,0,0,0,0,0,0,0,0,0,0,0,0,0,0,0,0,0,0,0,0,0,0,0,0,0,0,0,0,0,0,0,1,1,0,0,0,1,0,0,0,0,0,0,0
97,1293.0,1160,2.1,2.9,5.1,5.4,6.3,11.0,0.336889388,4.744525547,345900,0.59,0.004,1425.6,3400397,223.242,0.9,0,0,0,0,0,0,0,0,0,0,0,0,0,0,0,0,0,0,0,0,0,0,0,0,0,0,0,0,0,0,0,0,0,0,0,0,0,0,0,0,0,0,0,0,0,0,1,0,0,0,0,0,0,1,0,0,1,0,0,0,0,0,0
197,854.0,3081,1.2,1.8,3.9,4.2,4.8,8.2,0.294220665,3.488616462,1508900,0.6,0.001,2057.2,1013360,240.215,0.6,0,0,0,0,0,0,0,0,0,0,0,0,0,0,0,0,0,0,0,0,0,0,0,0,0,0,0,0,0,0,0,0,0,0,0,0,0,0,0,0,0,0,0,0,1,0,0,0,0,0,0,1,0,0,0,0,0,0,1,0,0,0,0
215,1815.0,7620,1.5,1.6,3.7,4.1,5.3,9.7,0.398406375,4.4857606610000005,677700,0.57,0.004,2391.1,534727,243.015,1.2,0,0,0,0,0,0,0,0,0,0,0,1,0,0,0,0,0,0,0,0,0,0,0,0,0,0,0,0,0,0,0,0,0,0,0,0,0,0,0,0,0,0,0,0,0,0,0,0,0,0,0,1,0,0,0,0,0,0,0,1,0,0,0
238,1057.0,88250,2.5,2.4,5.3,5.8,6.7,10.6,0.587268272,3.94131453,9671900,0.7,0.0,4060.3,364908,224.21,0.9,0,0,0,0,0,0,0,0,0,0,0,0,0,0,0,0,0,0,0,0,0,0,0,0,0,0,0,0,0,0,0,0,0,0,1,0,0,0,0,0,0,0,0,0,0,0,0,0,0,0,0,0,1,0,0,0,0,0,0,1,0,0,0
295,972.0,5051,2.0,2.1,4.9,5.2,6.0,9.7,0.367059636,3.735371594,2315700,0.58,0.002,5591.0,2254292,232.692,0.8,0,0,0,0,0,0,0,0,0,0,0,0,0,0,0,0,0,0,0,0,0,0,0,0,0,0,0,0,0,0,0,0,0,0,0,0,0,0,0,0,1,0,0,0,0,0,0,0,0,0,0,0,0,1,0,0,0,0,0,0,1,0,0
402,1530.0,5975,0.9,1.1,2.9,3.0,3.6,6.4,0.084823475,2.808344796,4362000,0.59,0.0,1899.6,337110,265.139,0.6,0,0,0,0,0,0,0,0,0,0,0,0,0,0,0,0,0,0,0,0,0,0,0,0,0,0,0,0,0,0,0,0,0,0,0,0,0,0,0,0,0,0,0,0,0,1,0,0,0,0,0,0,0,0,1,0,0,0,0,0,0,0,1
376,1046.0,20068,1.5,1.9,3.4,3.6,4.2,7.0,0.172802011,2.851233178,3819400,0.64,0.001,4048.3,746596,265.139,0.6,0,0,0,0,0,0,0,0,0,0,0,0,0,0,0,0,0,0,0,1,0,0,0,0,0,0,0,0,0,0,0,0,0,0,0,0,0,0,0,0,0,0,0,0,0,0,0,0,0,0,0,0,0,0,1,0,0,0,0,0,0,0,1
63,638.0,2928,2.3,2.6,5.1,5.3,6.1,10.0,0.181829202,3.903266865,1691300,0.57,0.002,2636.6,676966,232.376,0.8,0,0,0,0,0,0,0,0,0,0,0,0,1,0,0,0,0,0,0,0,0,0,0,0,0,0,0,0,0,0,0,0,0,0,0,0,0,0,0,0,0,0,0,0,0,0,0,0,0,0,0,1,0,0,0,0,1,0,0,0,0,0,0
288,964.0,7398,2.4,3.0,5.9,6.3,7.1,12.2,0.465871391,5.173995906,1416700,0.69,0.004,6084.9,4567956,232.692,0.8,0,0,0,0,0,0,0,0,0,0,0,0,0,0,0,0,0,0,0,0,0,0,0,0,0,0,0,0,0,0,0,0,0,1,0,0,0,0,0,0,0,0,0,0,0,0,0,0,0,0,0,0,0,1,0,0,0,0,0,0,1,0,0
169,800.0,2783,1.7,2.3,4.6,4.8,5.6,9.1,0.292923241,3.461820119,1490100,0.6,0.002,3545.0,1246678,225.425,0.8,0,0,0,0,0,0,0,0,0,0,0,0,0,0,0,0,1,0,0,0,0,0,0,0,0,0,0,0,0,0,0,0,0,0,0,0,0,0,0,0,0,0,0,0,0,0,0,0,0,0,0,0,1,0,0,0,0,0,1,0,0,0,0
247,1095.0,23678,1.6,2.1,4.4,4.8,5.3,8.4,0.372787296,3.096056141,13010100,0.65,0.0,4081.1,10604437,230.147,0.5,0,0,0,0,0,0,0,0,0,0,0,0,0,0,0,0,0,0,0,0,0,0,0,0,0,0,0,0,0,0,0,0,0,0,0,0,0,0,0,0,0,0,0,1,0,0,0,0,0,0,0,0,0,1,0,0,0,0,0,1,0,0,0
257,936.0,2463,1.6,1.6,3.9,4.2,4.7,7.5,0.288610967,2.804706579,1351300,0.6,0.003,4690.6,2966587,247.705,0.5,0,0,1,0,0,0,0,0,0,0,0,0,0,0,0,0,0,0,0,0,0,0,0,0,0,0,0,0,0,0,0,0,0,0,0,0,0,0,0,0,0,0,0,0,0,0,0,0,0,0,0,1,0,0,0,0,0,0,0,0,1,0,0
251,1284.0,19419,2.3,2.9,5.6,6.0,6.8,11.0,0.342059139,4.237575621,3537400,0.6,0.001,2955.7,3020797,243.015,0.8,0,0,0,0,0,0,0,0,0,0,0,0,0,0,0,0,0,0,0,0,0,0,0,0,0,0,0,0,0,0,0,0,0,0,0,0,0,0,0,0,0,0,0,0,0,0,0,1,0,0,0,1,0,0,0,0,0,0,0,1,0,0,0
269,794.0,11590,2.9,2.9,5.9,6.2,6.9,11.0,0.37091086,4.124103125,6578400,0.63,0.001,4147.8,2869636,226.115,0.7,0,0,0,0,0,0,0,0,0,0,0,0,0,0,1,0,0,0,0,0,0,0,0,0,0,0,0,0,0,0,0,0,0,0,0,0,0,0,0,0,0,0,0,0,0,0,0,0,0,0,0,0,1,0,0,0,0,0,0,0,1,0,0
300,1499.0,6268,1.6,1.5,4.1,4.4,5.2,9.1,0.407814871,3.905064492,4217600,0.59,0.0,1899.6,332933,254.85,0.8,0,0,0,0,0,0,0,0,0,0,0,0,0,0,0,0,0,0,0,0,0,0,0,0,0,0,0,0,0,0,0,0,0,0,0,0,0,0,0,0,0,0,0,0,0,1,0,0,0,0,0,0,0,0,1,0,0,0,0,0,1,0,0
399,1009.0,7883,0.9,1.5,3.5,3.8,4.5,6.8,0.326404927,2.355658199,3247500,0.6,0.002,6436.4,2992279,242.737,0.7,0,0,0,0,0,0,0,0,0,0,0,0,0,0,0,0,0,0,0,0,0,0,0,0,0,0,0,0,0,0,0,0,0,0,0,0,0,0,0,0,0,0,1,0,0,0,0,0,0,0,0,0,0,1,0,0,0,0,0,0,0,0,1
153,760.0,1784,2.5,3.6,7.1,7.6,8.4,11.5,0.518417462,3.219645293,357400,0.56,0.016,6033.7,2206994,230.552,0.8,1,0,0,0,0,0,0,0,0,0,0,0,0,0,0,0,0,0,0,0,0,0,0,0,0,0,0,0,0,0,0,0,0,0,0,0,0,0,0,0,0,0,0,0,0,0,0,0,0,0,0,0,0,1,0,0,0,0,1,0,0,0,0
371,824.0,10643,1.6,2.1,4.2,4.4,5.1,8.1,0.188201901,3.063680118,6482400,0.63,0.001,4147.8,2903554,234.29,0.7,0,0,0,0,0,0,0,0,0,0,0,0,0,0,1,0,0,0,0,0,0,0,0,0,0,0,0,0,0,0,0,0,0,0,0,0,0,0,0,0,0,0,0,0,0,0,0,0,0,0,0,0,1,0,0,0,0,0,0,0,0,0,1
40,761.0,5093,6.6,6.4,10.5,11.4,12.4,18.2,1.03116944,5.8776658070000005,2398300,0.59,0.003,5969.5,2151621,218.618,1.0,0,0,0,0,0,0,0,0,0,0,0,0,0,0,0,0,0,0,0,0,0,0,0,0,0,0,0,0,0,0,0,0,0,0,0,0,0,0,0,0,1,0,0,0,0,0,0,0,0,0,0,0,0,1,0,1,0,0,0,0,0,0,0
355,810.0,1309,2.1,2.7,5.2,5.6,6.4,10.2,0.421940928,3.861398798,782100,0.54,0.004,3161.7,2695203,229.874,0.8,0,0,0,0,0,0,0,0,0,0,0,0,0,0,0,0,0,0,0,0,0,0,0,0,0,0,0,0,0,0,0,0,0,0,0,0,0,0,0,0,0,0,0,0,0,0,0,0,0,1,0,0,1,0,0,0,0,0,0,0,0,1,0
319,1351.0,2037,0.7,1.2,3.2,3.3,3.8,7.1,0.108251143,3.295645898,831400,0.62,0.003,2078.8,5359279,229.874,0.5,0,0,0,0,0,0,0,0,0,0,0,0,0,1,0,0,0,0,0,0,0,0,0,0,0,0,0,0,0,0,0,0,0,0,0,0,0,0,0,0,0,0,0,0,0,0,0,0,0,0,0,0,1,0,0,0,0,0,0,0,0,1,0
65,718.0,14144,5.3,4.9,8.7,9.3,10.0,16.0,0.630290206,6.030834341,6482400,0.64,0.001,4147.8,2815823,219.1,0.7,0,0,0,0,0,0,0,0,0,0,0,0,0,0,1,0,0,0,0,0,0,0,0,0,0,0,0,0,0,0,0,0,0,0,0,0,0,0,0,0,0,0,0,0,0,0,0,0,0,0,0,0,1,0,0,0,1,0,0,0,0,0,0
206,888.0,2560,1.9,2.6,5.2,5.6,6.4,9.5,0.426455185,3.2171180610000003,1336600,0.6,0.004,4690.6,2937060,243.015,0.8,0,0,1,0,0,0,0,0,0,0,0,0,0,0,0,0,0,0,0,0,0,0,0,0,0,0,0,0,0,0,0,0,0,0,0,0,0,0,0,0,0,0,0,0,0,0,0,0,0,0,0,1,0,0,0,0,0,0,0,1,0,0,0
8,1842.0,1035,4.4,4.6,7.5,8.1,8.8,13.2,0.615454753,4.467745612,490100,0.56,0.013,5665.7,296364,218.618,0.7,0,0,0,0,0,0,0,0,1,0,0,0,0,0,0,0,0,0,0,0,0,0,0,0,0,0,0,0,0,0,0,0,0,0,0,0,0,0,0,0,0,0,0,0,0,0,0,0,0,0,0,0,0,1,0,1,0,0,0,0,0,0,0
77,763.0,1833,2.6,3.1,6.1,6.4,7.0,13.7,0.316080601,6.815487949,524900,0.63,0.005,2722.0,489178,232.376,0.6,0,0,0,0,0,0,0,0,0,0,0,0,0,0,0,0,0,0,0,0,0,0,0,0,0,0,1,0,0,0,0,0,0,0,0,0,0,0,0,0,0,0,0,0,0,0,0,0,0,0,0,1,0,0,0,0,1,0,0,0,0,0,0
58,916.0,6954,6.1,4.3,9.0,9.5,10.7,14.1,0.579150579,3.474903475,405800,0.66,0.034,12377.6,411189,223.242,1.2,0,0,0,0,0,0,0,1,0,0,0,0,0,0,0,0,0,0,0,0,0,0,0,0,0,0,0,0,0,0,0,0,0,0,0,0,0,0,0,0,0,0,0,0,0,0,0,0,0,0,0,0,0,1,0,0,1,0,0,0,0,0,0
250,1346.0,1523,1.1,1.8,3.6,3.9,4.7,8.2,0.319488818,3.543421435,344300,0.58,0.004,1425.6,3467598,230.147,0.8,0,0,0,0,0,0,0,0,0,0,0,0,0,0,0,0,0,0,0,0,0,0,0,0,0,0,0,0,0,0,0,0,0,0,0,0,0,0,0,0,0,0,0,0,0,0,1,0,0,0,0,0,0,1,0,0,0,0,0,1,0,0,0
119,766.0,5245,4.0,4.1,8.1,8.7,9.7,15.0,0.615548662,5.447848003,2073400,0.57,0.001,2225.1,1948915,226.721,1.0,0,0,0,0,0,0,0,0,0,0,0,0,0,0,0,0,0,1,0,0,0,0,0,0,0,0,0,0,0,0,0,0,0,0,0,0,0,0,0,0,0,0,0,0,0,0,0,0,0,0,0,0,0,1,0,0,0,1,0,0,0,0,0
141,989.0,1384,5.2,5.3,9.2,9.6,10.5,15.5,0.487012987,5.122655123,555200,0.59,0.005,2519.0,465158,249.038,0.9,0,0,0,0,0,0,0,0,0,0,0,0,0,0,0,0,0,0,0,0,0,0,0,0,0,0,0,0,0,0,0,0,0,0,0,0,0,0,0,1,0,0,0,0,0,0,0,0,0,0,0,0,0,0,1,0,0,1,0,0,0,0,0
88,841.0,15828,4.2,5.1,8.9,9.1,10.1,17.2,0.229849831,7.130452549,2088600,0.59,0.001,2475.5,1691053,232.376,1.0,0,0,0,0,0,0,0,0,0,0,0,0,0,0,0,0,0,0,0,0,0,0,0,0,0,0,0,0,0,0,0,0,0,0,0,0,0,1,0,0,0,0,0,0,0,0,0,0,0,0,0,1,0,0,0,0,1,0,0,0,0,0,0
372,858.0,5258,1.0,1.7,3.5,3.7,4.2,6.6,0.18758426600000006,2.397561405,3411800,0.57,0.001,3456.9,1409650,234.29,0.5,0,0,0,0,0,0,0,0,0,0,0,0,0,0,0,1,0,0,0,0,0,0,0,0,0,0,0,0,0,0,0,0,0,0,0,0,0,0,0,0,0,0,0,0,0,0,0,0,0,0,0,0,1,0,0,0,0,0,0,0,0,0,1
254,956.0,798,1.0,2.3,4.1,4.3,4.8,8.2,0.195822454,3.394255875,306400,0.67,0.006999999999999999,2011.9,273221,243.015,0.5,0,0,0,0,0,0,0,0,0,0,0,0,0,0,0,0,0,0,0,0,0,0,0,0,0,0,0,0,0,0,0,0,0,0,0,0,0,0,0,0,0,0,0,0,0,0,0,0,0,0,1,1,0,0,0,0,0,0,0,1,0,0,0
60,1005.0,55170,5.4,4.9,8.4,9.3,10.1,16.0,0.991707275,5.950243652,10247800,0.71,0.001,4861.9,9050008,223.242,0.8,0,0,0,0,0,0,0,0,0,1,0,0,0,0,0,0,0,0,0,0,0,0,0,0,0,0,0,0,0,0,0,0,0,0,0,0,0,0,0,0,0,0,0,0,0,0,0,0,0,0,0,0,0,1,0,0,1,0,0,0,0,0,0
256,1381.0,4111,2.5,2.5,6.0,6.4,7.1,10.4,0.36373682,3.259818592,2171900,0.58,0.002,4504.3,315376,247.705,0.7,0,1,0,0,0,0,0,0,0,0,0,0,0,0,0,0,0,0,0,0,0,0,0,0,0,0,0,0,0,0,0,0,0,0,0,0,0,0,0,0,0,0,0,0,0,0,0,0,0,0,0,1,0,0,0,0,0,0,0,0,1,0,0
296,846.0,1072,0.8,1.0,2.8,3.0,3.5,5.2,0.221141088,1.702786378,452200,0.61,0.006999999999999999,3213.4,387358,226.115,0.5,0,0,0,0,0,0,0,0,0,0,0,0,0,0,0,0,0,0,0,0,0,0,0,0,0,0,0,0,0,0,0,0,0,0,0,0,0,0,0,0,0,1,0,0,0,0,0,0,0,0,0,0,1,0,0,0,0,0,0,0,1,0,0
351,1530.0,6067,1.2,1.6,3.7,4.0,4.6,7.9,0.29575464,3.292890245,4294100,0.59,0.0,1899.6,335200,259.538,0.6,0,0,0,0,0,0,0,0,0,0,0,0,0,0,0,0,0,0,0,0,0,0,0,0,0,0,0,0,0,0,0,0,0,0,0,0,0,0,0,0,0,0,0,0,0,1,0,0,0,0,0,0,0,0,1,0,0,0,0,0,0,1,0
46,1192.0,1144,2.5,3.6,5.8,6.1,6.8,11.6,0.330943188,4.853833425,344200,0.58,0.004,1476.0,3383399,218.618,0.7,0,0,0,0,0,0,0,0,0,0,0,0,0,0,0,0,0,0,0,0,0,0,0,0,0,0,0,0,0,0,0,0,0,0,0,0,0,0,0,0,0,0,0,0,0,0,1,0,0,0,0,0,0,1,0,1,0,0,0,0,0,0,0
86,713.0,13977,3.7,3.8,7.2,7.7,8.6,13.6,0.537587489,5.019810448,5755100,0.58,0.001,2994.8,5140803,219.1,0.9,0,0,0,0,0,0,0,0,0,0,0,0,0,0,0,0,0,0,0,0,0,0,0,0,0,0,0,0,0,0,0,0,0,0,0,1,0,0,0,0,0,0,0,0,0,0,0,0,0,0,0,0,1,0,0,0,1,0,0,0,0,0,0
109,918.0,6865,5.5,4.3,8.6,9.2,10.4,14.1,0.619612069,3.825431034,400800,0.64,0.033,12377.6,414555,226.721,1.2,0,0,0,0,0,0,0,1,0,0,0,0,0,0,0,0,0,0,0,0,0,0,0,0,0,0,0,0,0,0,0,0,0,0,0,0,0,0,0,0,0,0,0,0,0,0,0,0,0,0,0,0,0,1,0,0,0,1,0,0,0,0,0
133,757.0,12002,5.1,4.7,8.2,8.8,9.8,14.7,0.7350831109999999,4.971192689,4490900,0.64,0.001,2898.9,917527,235.824,1.0,0,0,0,0,0,0,0,0,0,0,0,0,0,0,0,0,0,0,0,0,0,0,0,0,0,0,0,0,0,0,0,1,0,0,0,0,0,0,0,0,0,0,0,0,0,0,0,0,0,0,0,1,0,0,0,0,0,1,0,0,0,0,0
16,709.0,2511,3.5,3.9,6.7,7.0,7.8,12.1,0.253367116,4.267235631,1480700,0.6,0.002,3557.2,1238054,214.743,0.8,0,0,0,0,0,0,0,0,0,0,0,0,0,0,0,0,1,0,0,0,0,0,0,0,0,0,0,0,0,0,0,0,0,0,0,0,0,0,0,0,0,0,0,0,0,0,0,0,0,0,0,0,1,0,0,1,0,0,0,0,0,0,0
303,848.0,5685,1.5,2.3,4.1,4.3,4.8,7.9,0.198165372,3.132291367,3128700,0.58,0.001,2805.2,890779,232.692,0.5,0,0,0,0,0,0,0,0,0,0,0,0,0,0,0,0,0,0,0,0,0,0,0,0,0,0,0,0,0,0,0,0,0,0,0,0,0,0,0,0,0,0,0,0,0,0,0,0,1,0,0,0,0,1,0,0,0,0,0,0,1,0,0
193,888.0,5057,3.2,2.7,6.4,7.1,8.2,12.5,0.6939404929999999,4.440312046,2315700,0.58,0.003,5591.0,2179874,230.552,1.1,0,0,0,0,0,0,0,0,0,0,0,0,0,0,0,0,0,0,0,0,0,0,0,0,0,0,0,0,0,0,0,0,0,0,0,0,0,0,0,0,1,0,0,0,0,0,0,0,0,0,0,0,0,1,0,0,0,0,1,0,0,0,0
370,1351.0,2012,0.6,1.4,3.0,3.1,3.6,6.3,0.116713352,2.672735761,856800,0.62,0.002,2078.8,5376064,234.29,0.5,0,0,0,0,0,0,0,0,0,0,0,0,0,1,0,0,0,0,0,0,0,0,0,0,0,0,0,0,0,0,0,0,0,0,0,0,0,0,0,0,0,0,0,0,0,0,0,0,0,0,0,0,1,0,0,0,0,0,0,0,0,0,1
116,744.0,13425,5.2,5.0,9.1,9.6,10.4,16.0,0.583841463,5.739329268,6455200,0.63,0.001,4147.8,2826191,222.17,0.8,0,0,0,0,0,0,0,0,0,0,0,0,0,0,1,0,0,0,0,0,0,0,0,0,0,0,0,0,0,0,0,0,0,0,0,0,0,0,0,0,0,0,0,0,0,0,0,0,0,0,0,0,1,0,0,0,0,1,0,0,0,0,0
294,1196.0,1160,2.3,3.1,5.4,5.6,6.3,10.1,0.235934664,3.793103448,551000,0.59,0.005,2519.0,467261,254.85,0.7,0,0,0,0,0,0,0,0,0,0,0,0,0,0,0,0,0,0,0,0,0,0,0,0,0,0,0,0,0,0,0,0,0,0,0,0,0,0,0,1,0,0,0,0,0,0,0,0,0,0,0,0,0,0,1,0,0,0,0,0,1,0,0
27,569.0,12896,6.5,6.4,10.5,11.1,11.8,17.9,0.650663853,6.192297547000001,5091900,0.59,0.001,3462.9,801868,214.743,0.7,0,0,0,0,0,0,0,0,0,0,0,0,0,0,0,0,0,0,0,0,0,0,0,0,0,0,0,1,0,0,0,0,0,0,0,0,0,0,0,0,0,0,0,0,0,0,0,0,0,0,0,0,1,0,0,1,0,0,0,0,0,0,0
140,954.0,15086,4.2,4.2,7.5,8.0,9.0,13.4,0.532876141,4.479248722,6395700,0.6,0.001,3484.2,5614800,249.038,1.0,0,0,0,0,0,0,0,0,0,0,0,0,0,0,0,0,0,0,0,0,0,0,0,0,0,0,0,0,0,0,0,0,0,0,0,0,0,0,1,0,0,0,0,0,0,0,0,0,0,0,0,0,0,0,1,0,0,1,0,0,0,0,0
198,1162.0,7020,2.4,2.4,5.2,5.5,6.5,10.4,0.386136529,3.936252369,4217600,0.59,0.0,1899.6,327317,252.463,1.0,0,0,0,0,0,0,0,0,0,0,0,0,0,0,0,0,0,0,0,0,0,0,0,0,0,0,0,0,0,0,0,0,0,0,0,0,0,0,0,0,0,0,0,0,0,1,0,0,0,0,0,0,0,0,1,0,0,0,1,0,0,0,0
14,744.0,14009,6.1,6.2,9.7,10.2,10.9,17.0,0.578131164,6.125762496,6464000,0.63,0.001,4239.1,2806775,214.743,0.7,0,0,0,0,0,0,0,0,0,0,0,0,0,0,1,0,0,0,0,0,0,0,0,0,0,0,0,0,0,0,0,0,0,0,0,0,0,0,0,0,0,0,0,0,0,0,0,0,0,0,0,0,1,0,0,1,0,0,0,0,0,0,0
87,701.0,5032,2.2,2.9,5.1,5.4,6.3,9.6,0.313445147,3.260929337,1843600,0.62,0.003,4689.2,1679939,223.242,0.9,0,0,0,0,0,0,0,0,0,0,0,0,0,0,0,0,0,0,0,0,0,0,0,0,0,0,0,0,0,0,0,0,0,0,0,0,1,0,0,0,0,0,0,0,0,0,0,0,0,0,0,0,0,1,0,0,1,0,0,0,0,0,0
265,1136.0,12909,2.4,2.5,5.4,5.8,6.9,10.5,0.48013614,3.604059885,4936100,0.63,0.001,3790.3,4235538,232.692,1.1,0,0,0,0,0,0,0,0,0,0,1,0,0,0,0,0,0,0,0,0,0,0,0,0,0,0,0,0,0,0,0,0,0,0,0,0,0,0,0,0,0,0,0,0,0,0,0,0,0,0,0,0,0,1,0,0,0,0,0,0,1,0,0
262,1137.0,8350,3.7,2.6,6.1,6.4,7.5,9.5,0.405063291,2.1265822780000003,395000,0.64,0.031,12377.6,427692,232.692,1.1,0,0,0,0,0,0,0,1,0,0,0,0,0,0,0,0,0,0,0,0,0,0,0,0,0,0,0,0,0,0,0,0,0,0,0,0,0,0,0,0,0,0,0,0,0,0,0,0,0,0,0,0,0,1,0,0,0,0,0,0,1,0,0
222,992.0,4081,2.2,3.1,6.2,6.7,7.5,11.1,0.5632242279999999,3.573242233,2166100,0.62,0.002,4967.3,2030568,230.147,0.8,0,0,0,0,0,0,0,0,0,0,0,0,0,0,0,0,0,0,1,0,0,0,0,0,0,0,0,0,0,0,0,0,0,0,0,0,0,0,0,0,0,0,0,0,0,0,0,0,0,0,0,0,0,1,0,0,0,0,0,1,0,0,0
243,1102.0,1111,3.3,3.4,5.9,6.2,7.1,11.4,0.25031289100000004,4.34471661,559300,0.59,0.005,2519.0,466516,252.185,0.9,0,0,0,0,0,0,0,0,0,0,0,0,0,0,0,0,0,0,0,0,0,0,0,0,0,0,0,0,0,0,0,0,0,0,0,0,0,0,0,1,0,0,0,0,0,0,0,0,0,0,0,0,0,0,1,0,0,0,0,1,0,0,0
259,2043.0,118142,2.2,2.7,5.4,5.7,6.5,11.3,0.31990830000000003,4.793935288999999,19193000,0.67,0.0,4229.1,14076191,247.705,0.8,0,0,0,0,1,0,0,0,0,0,0,0,0,0,0,0,0,0,0,0,0,0,0,0,0,0,0,0,0,0,0,0,0,0,0,0,0,0,0,0,0,0,0,0,0,0,0,0,0,0,0,1,0,0,0,0,0,0,0,0,1,0,0
327,2086.0,2280,0.9,1.5,3.3,3.4,4.0,7.7,0.128223394,3.689984328,701900,0.56,0.002,1227.3,2897460,259.538,0.6,0,0,0,0,0,0,0,0,0,0,0,0,0,0,0,0,0,0,0,0,0,1,0,0,0,0,0,0,0,0,0,0,0,0,0,0,0,0,0,0,0,0,0,0,0,0,0,0,0,0,0,0,0,0,1,0,0,0,0,0,0,1,0
103,1346.0,4689,3.6,3.7,6.9,7.7,8.7,12.2,0.878477306,3.5550878480000003,2161900,0.58,0.002,4504.3,311249,235.824,1.0,0,1,0,0,0,0,0,0,0,0,0,0,0,0,0,0,0,0,0,0,0,0,0,0,0,0,0,0,0,0,0,0,0,0,0,0,0,0,0,0,0,0,0,0,0,0,0,0,0,0,0,1,0,0,0,0,0,1,0,0,0,0,0
149,1067.0,17760,3.1,3.5,7.0,7.3,8.3,14.0,0.338130744,5.780012716,3718400,0.6,0.001,2955.7,2956354,235.824,1.0,0,0,0,0,0,0,0,0,0,0,0,0,0,0,0,0,0,0,0,0,0,0,0,0,0,0,0,0,0,0,0,0,0,0,0,0,0,0,0,0,0,0,0,0,0,0,0,1,0,0,0,1,0,0,0,0,0,1,0,0,0,0,0
139,881.0,13822,3.9,4.2,7.9,8.2,9.1,16.5,0.311296365,7.439455495,2123200,0.58,0.001,2475.5,1701207,235.824,0.9,0,0,0,0,0,0,0,0,0,0,0,0,0,0,0,0,0,0,0,0,0,0,0,0,0,0,0,0,0,0,0,0,0,0,0,0,0,1,0,0,0,0,0,0,0,0,0,0,0,0,0,1,0,0,0,0,0,1,0,0,0,0,0
67,770.0,2684,2.6,2.8,5.6,5.9,6.7,10.2,0.33065659,3.569741548,1485100,0.61,0.002,3545.0,1241996,219.1,0.8,0,0,0,0,0,0,0,0,0,0,0,0,0,0,0,0,1,0,0,0,0,0,0,0,0,0,0,0,0,0,0,0,0,0,0,0,0,0,0,0,0,0,0,0,0,0,0,0,0,0,0,0,1,0,0,0,1,0,0,0,0,0,0
3,733.0,10504,5.9,5.2,9.5,10.1,11.2,18.0,0.6371262089999999,6.973170262999999,3544200,0.62,0.001,4141.3,1324757,218.618,1.1,0,0,0,1,0,0,0,0,0,0,0,0,0,0,0,0,0,0,0,0,0,0,0,0,0,0,0,0,0,0,0,0,0,0,0,0,0,0,0,0,0,0,0,0,0,0,0,0,0,0,0,0,0,1,0,1,0,0,0,0,0,0,0
56,949.0,16768,4.2,4.5,8.1,8.4,9.3,14.6,0.366972477,5.379816514,3090900,0.63,0.001,3086.3,2239267,232.376,0.9,0,0,0,0,0,1,0,0,0,0,0,0,0,0,0,0,0,0,0,0,0,0,0,0,0,0,0,0,0,0,0,0,0,0,0,0,0,0,0,0,0,0,0,0,0,0,0,0,0,0,0,1,0,0,0,0,1,0,0,0,0,0,0
304,800.0,1387,2.7,2.9,6.1,6.5,7.3,11.0,0.469960625,3.683475168,787300,0.54,0.004,3161.7,2680115,226.115,0.8,0,0,0,0,0,0,0,0,0,0,0,0,0,0,0,0,0,0,0,0,0,0,0,0,0,0,0,0,0,0,0,0,0,0,0,0,0,0,0,0,0,0,0,0,0,0,0,0,0,1,0,0,1,0,0,0,0,0,0,0,1,0,0
233,1192.0,2744,0.9,1.3,3.0,3.2,4.0,6.7,0.160192231,2.723267922,998800,0.58,0.003,2593.8,627425,252.185,0.8,0,0,0,0,0,0,0,0,0,0,0,0,0,0,0,0,0,0,0,0,0,0,0,0,0,0,0,0,0,1,0,0,0,0,0,0,0,0,0,0,0,0,0,0,0,0,0,0,0,0,0,0,0,0,1,0,0,0,0,1,0,0,0
51,783.0,1913,3.1,4.1,7.4,8.1,8.9,13.0,0.6847439059999999,4.163242947,354900,0.57,0.017,6033.7,2195233,223.242,0.8,1,0,0,0,0,0,0,0,0,0,0,0,0,0,0,0,0,0,0,0,0,0,0,0,0,0,0,0,0,0,0,0,0,0,0,0,0,0,0,0,0,0,0,0,0,0,0,0,0,0,0,0,0,1,0,0,1,0,0,0,0,0,0
1,1366.0,5558,6.1,5.4,9.8,10.6,11.6,16.2,0.8782362090000001,4.688500595,2262700,0.59,0.002,4200.3,308499,227.485,1.0,0,1,0,0,0,0,0,0,0,0,0,0,0,0,0,0,0,0,0,0,0,0,0,0,0,0,0,0,0,0,0,0,0,0,0,0,0,0,0,0,0,0,0,0,0,0,0,0,0,0,0,1,0,0,0,1,0,0,0,0,0,0,0
18,884.0,9291,4.0,3.5,7.8,8.4,9.5,13.4,0.666340029,4.017638413,2097600,0.59,0.003,5545.5,1978987,218.618,1.1,0,0,0,0,0,0,0,0,0,0,0,0,0,0,0,0,0,0,1,0,0,0,0,0,0,0,0,0,0,0,0,0,0,0,0,0,0,0,0,0,0,0,0,0,0,0,0,0,0,0,0,0,0,1,0,1,0,0,0,0,0,0,0
268,1339.0,2247,0.9,2.0,3.9,4.0,4.6,7.8,0.136003956,3.288822948,808800,0.62,0.003,2078.8,5345080,226.115,0.6,0,0,0,0,0,0,0,0,0,0,0,0,0,1,0,0,0,0,0,0,0,0,0,0,0,0,0,0,0,0,0,0,0,0,0,0,0,0,0,0,0,0,0,0,0,0,0,0,0,0,0,0,1,0,0,0,0,0,0,0,1,0,0
381,858.0,5883,1.1,1.7,3.2,3.5,4.0,6.8,0.283803621,2.8967542,3065500,0.6,0.001,4506.7,1332577,242.737,0.5,0,0,0,0,0,0,0,0,0,0,0,0,0,0,0,0,0,0,0,0,0,0,0,0,1,0,0,0,0,0,0,0,0,0,0,0,0,0,0,0,0,0,0,0,0,0,0,0,0,0,0,0,0,1,0,0,0,0,0,0,0,0,1
312,1271.0,3388,2.1,2.7,4.9,5.3,6.0,10.1,0.407225645,4.14534823,1915400,0.68,0.001,2827.3,1517327,259.538,0.7,0,0,0,0,0,0,1,0,0,0,0,0,0,0,0,0,0,0,0,0,0,0,0,0,0,0,0,0,0,0,0,0,0,0,0,0,0,0,0,0,0,0,0,0,0,0,0,0,0,0,0,0,0,0,1,0,0,0,0,0,0,1,0
25,717.0,2306,6.3,5.9,10.5,11.1,12.0,16.4,0.681443762,4.4256402580000005,1276700,0.58,0.002,2689.4,2719905,214.743,0.9,0,0,0,0,0,0,0,0,0,0,0,0,0,0,0,0,0,0,0,0,0,0,0,0,0,1,0,0,0,0,0,0,0,0,0,0,0,0,0,0,0,0,0,0,0,0,0,0,0,0,0,0,1,0,0,1,0,0,0,0,0,0,0
183,1465.0,1376,1.9,2.4,4.2,4.5,5.2,9.7,0.244266522,4.573212105,750700,0.58,0.003,1877.6,3577670,252.463,0.7,0,0,0,0,0,0,0,0,0,0,0,0,0,0,0,0,0,0,0,0,0,0,0,0,0,0,0,0,0,0,1,0,0,0,0,0,0,0,0,0,0,0,0,0,0,0,0,0,0,0,0,0,0,0,1,0,0,0,1,0,0,0,0
186,898.0,8582,4.2,4.0,7.7,8.4,9.4,15.3,0.6861682920000001,6.074395087999999,1416700,0.69,0.004,6084.9,4428155,230.552,1.0,0,0,0,0,0,0,0,0,0,0,0,0,0,0,0,0,0,0,0,0,0,0,0,0,0,0,0,0,0,0,0,0,0,1,0,0,0,0,0,0,0,0,0,0,0,0,0,0,0,0,0,0,0,1,0,0,0,0,1,0,0,0,0
43,946.0,36911,3.9,4.1,7.8,8.3,9.1,14.0,0.496459673,4.96866607,14077700,0.64,0.0,4082.5,10077012,218.618,0.8,0,0,0,0,0,0,0,0,0,0,0,0,0,0,0,0,0,0,0,0,0,0,0,0,0,0,0,0,0,0,0,0,0,0,0,0,0,0,0,0,0,0,0,1,0,0,0,0,0,0,0,0,0,1,0,1,0,0,0,0,0,0,0
129,692.0,12168,4.6,4.3,7.9,8.6,9.3,14.7,0.76551946,5.42939852,4905900,0.59,0.001,3535.8,811158,222.17,0.7,0,0,0,0,0,0,0,0,0,0,0,0,0,0,0,0,0,0,0,0,0,0,0,0,0,0,0,1,0,0,0,0,0,0,0,0,0,0,0,0,0,0,0,0,0,0,0,0,0,0,0,0,1,0,0,0,0,1,0,0,0,0,0
244,950.0,5354,2.7,2.8,5.9,6.4,7.2,11.4,0.5465675560000001,4.1976388280000005,2287000,0.58,0.002,5591.0,2225873,230.147,0.8,0,0,0,0,0,0,0,0,0,0,0,0,0,0,0,0,0,0,0,0,0,0,0,0,0,0,0,0,0,0,0,0,0,0,0,0,0,0,0,0,1,0,0,0,0,0,0,0,0,0,0,0,0,1,0,0,0,0,0,1,0,0,0
255,812.0,1940,2.5,3.8,6.6,7.2,8.4,12.8,0.55959709,4.448796866,357400,0.56,0.017,6033.7,2242534,232.692,1.2,1,0,0,0,0,0,0,0,0,0,0,0,0,0,0,0,0,0,0,0,0,0,0,0,0,0,0,0,0,0,0,0,0,0,0,0,0,0,0,0,0,0,0,0,0,0,0,0,0,0,0,0,0,1,0,0,0,0,0,0,1,0,0
270,839.0,5798,1.3,2.3,4.5,4.7,5.3,8.3,0.229967446,3.019442702,3348300,0.57,0.001,3456.9,1385575,226.115,0.6,0,0,0,0,0,0,0,0,0,0,0,0,0,0,0,1,0,0,0,0,0,0,0,0,0,0,0,0,0,0,0,0,0,0,0,0,0,0,0,0,0,0,0,0,0,0,0,0,0,0,0,0,1,0,0,0,0,0,0,0,1,0,0
383,871.0,1405,1.1,1.9,3.7,3.9,4.5,7.5,0.209563726,3.010097161,524900,0.61,0.005,2722.0,515175,263.263,0.6,0,0,0,0,0,0,0,0,0,0,0,0,0,0,0,0,0,0,0,0,0,0,0,0,0,0,1,0,0,0,0,0,0,0,0,0,0,0,0,0,0,0,0,0,0,0,0,0,0,0,0,1,0,0,0,0,0,0,0,0,0,0,1
154,1293.0,4561,3.8,3.6,7.1,7.6,8.6,12.6,0.507731364,4.112624048,2171900,0.58,0.002,4504.3,311249,240.215,1.0,0,1,0,0,0,0,0,0,0,0,0,0,0,0,0,0,0,0,0,0,0,0,0,0,0,0,0,0,0,0,0,0,0,0,0,0,0,0,0,0,0,0,0,0,0,0,0,0,0,0,0,1,0,0,0,0,0,0,1,0,0,0,0
70,901.0,17501,3.7,3.9,6.7,7.2,7.9,12.9,0.62996203,5.11448625,3819400,0.65,0.001,4048.3,727156,245.698,0.7,0,0,0,0,0,0,0,0,0,0,0,0,0,0,0,0,0,0,0,1,0,0,0,0,0,0,0,0,0,0,0,0,0,0,0,0,0,0,0,0,0,0,0,0,0,0,0,0,0,0,0,0,0,0,1,0,1,0,0,0,0,0,0
368,2048.0,6530,0.9,1.3,2.6,2.8,3.5,6.1,0.191092165,2.675290313,680300,0.57,0.004,2391.1,546213,263.263,0.7,0,0,0,0,0,0,0,0,0,0,0,1,0,0,0,0,0,0,0,0,0,0,0,0,0,0,0,0,0,0,0,0,0,0,0,0,0,0,0,0,0,0,0,0,0,0,0,0,0,0,0,1,0,0,0,0,0,0,0,0,0,0,1
158,1079.0,10028,2.4,2.4,4.9,5.1,5.7,9.4,0.23500089,3.713726188,2904200,0.61,0.001,3086.3,2261410,240.215,0.6,0,0,0,0,0,1,0,0,0,0,0,0,0,0,0,0,0,0,0,0,0,0,0,0,0,0,0,0,0,0,0,0,0,0,0,0,0,0,0,0,0,0,0,0,0,0,0,0,0,0,0,1,0,0,0,0,0,0,1,0,0,0,0
385,1085.0,542,0.8,1.5,2.8,2.9,3.2,4.7,0.150829563,1.483157366,397800,0.59,0.006,2437.8,1268633,263.263,0.3,0,0,0,0,0,0,0,0,0,0,0,0,0,0,0,0,0,0,0,0,0,0,0,0,0,0,0,0,1,0,0,0,0,0,0,0,0,0,0,0,0,0,0,0,0,0,0,0,0,0,0,1,0,0,0,0,0,0,0,0,0,0,1
271,853.0,2255,1.4,2.2,4.2,4.4,5.0,8.2,0.187906852,3.194416482,1490100,0.6,0.002,3545.0,1265735,226.115,0.6,0,0,0,0,0,0,0,0,0,0,0,0,0,0,0,0,1,0,0,0,0,0,0,0,0,0,0,0,0,0,0,0,0,0,0,0,0,0,0,0,0,0,0,0,0,0,0,0,0,0,0,0,1,0,0,0,0,0,0,0,1,0,0
146,827.0,3277,1.6,2.0,4.4,4.7,5.3,9.7,0.323624595,4.481497116,1569500,0.6,0.001,2057.2,1013360,235.824,0.6,0,0,0,0,0,0,0,0,0,0,0,0,0,0,0,0,0,0,0,0,0,0,0,0,0,0,0,0,0,0,0,0,0,0,0,0,0,0,0,0,0,0,0,0,1,0,0,0,0,0,0,1,0,0,0,0,0,1,0,0,0,0,0
205,1412.0,3970,2.7,2.5,6.1,6.8,7.5,11.2,0.695249131,3.703360371,2157500,0.58,0.002,4504.3,313941,243.015,0.7,0,1,0,0,0,0,0,0,0,0,0,0,0,0,0,0,0,0,0,0,0,0,0,0,0,0,0,0,0,0,0,0,0,0,0,0,0,0,0,0,0,0,0,0,0,0,0,0,0,0,0,1,0,0,0,0,0,0,0,1,0,0,0
278,1175.0,7341,1.1,1.9,3.9,4.1,4.7,7.7,0.214383814,3.011422638,2985300,0.59,0.001,2308.2,2419408,226.115,0.6,0,0,0,0,0,0,0,0,0,0,0,0,0,0,0,0,0,0,0,0,0,0,0,1,0,0,0,0,0,0,0,0,0,0,0,0,0,0,0,0,0,0,0,0,0,0,0,0,0,0,0,0,1,0,0,0,0,0,0,0,1,0,0
314,2080.0,994,2.0,2.3,4.8,5.3,6.0,9.7,0.523889355,3.730092205,477200,0.57,0.011,5473.8,314741,237.456,0.7,0,0,0,0,0,0,0,0,1,0,0,0,0,0,0,0,0,0,0,0,0,0,0,0,0,0,0,0,0,0,0,0,0,0,0,0,0,0,0,0,0,0,0,0,0,0,0,0,0,0,0,0,0,1,0,0,0,0,0,0,0,1,0
331,826.0,1472,2.2,2.0,5.1,5.5,6.1,9.5,0.40605966,3.412462908,1280600,0.58,0.002,2607.8,2790579,229.874,0.6,0,0,0,0,0,0,0,0,0,0,0,0,0,0,0,0,0,0,0,0,0,0,0,0,0,1,0,0,0,0,0,0,0,0,0,0,0,0,0,0,0,0,0,0,0,0,0,0,0,0,0,0,1,0,0,0,0,0,0,0,0,1,0
64,1185.0,1968,3.6,3.2,7.1,7.4,8.3,14.0,0.336700337,5.7757057760000015,856800,0.64,0.003,2078.8,5307206,219.1,0.9,0,0,0,0,0,0,0,0,0,0,0,0,0,1,0,0,0,0,0,0,0,0,0,0,0,0,0,0,0,0,0,0,0,0,0,0,0,0,0,0,0,0,0,0,0,0,0,0,0,0,0,0,1,0,0,0,1,0,0,0,0,0,0
325,1046.0,17565,1.7,2.1,3.9,4.1,4.9,7.4,0.242784658,2.545147035,3665800,0.64,0.001,4048.3,742530,259.538,0.8,0,0,0,0,0,0,0,0,0,0,0,0,0,0,0,0,0,0,0,1,0,0,0,0,0,0,0,0,0,0,0,0,0,0,0,0,0,0,0,0,0,0,0,0,0,0,0,0,0,0,0,0,0,0,1,0,0,0,0,0,0,1,0
400,1182.0,25310,1.3,1.8,3.8,4.1,4.6,7.4,0.22412153,2.850162866,13876400,0.65,0.0,4081.1,11100779,242.737,0.5,0,0,0,0,0,0,0,0,0,0,0,0,0,0,0,0,0,0,0,0,0,0,0,0,0,0,0,0,0,0,0,0,0,0,0,0,0,0,0,0,0,0,0,1,0,0,0,0,0,0,0,0,0,1,0,0,0,0,0,0,0,0,1
168,839.0,5971,2.5,3.2,6.1,6.5,7.3,11.3,0.5118401579999999,4.048470646,3348300,0.57,0.001,3456.9,1356486,225.425,0.8,0,0,0,0,0,0,0,0,0,0,0,0,0,0,0,1,0,0,0,0,0,0,0,0,0,0,0,0,0,0,0,0,0,0,0,0,0,0,0,0,0,0,0,0,0,0,0,0,0,0,0,0,1,0,0,0,0,0,1,0,0,0,0
76,753.0,2413,5.0,4.4,8.9,9.4,11.1,15.1,0.594521373,4.124021674,1277100,0.6,0.002,2607.8,2726547,219.1,1.7,0,0,0,0,0,0,0,0,0,0,0,0,0,0,0,0,0,0,0,0,0,0,0,0,0,1,0,0,0,0,0,0,0,0,0,0,0,0,0,0,0,0,0,0,0,0,0,0,0,0,0,0,1,0,0,0,1,0,0,0,0,0,0
290,839.0,10404,2.0,2.2,4.9,5.2,6.0,9.7,0.266699205,3.721586947,5736800,0.57,0.001,2994.8,5186119,226.115,0.8,0,0,0,0,0,0,0,0,0,0,0,0,0,0,0,0,0,0,0,0,0,0,0,0,0,0,0,0,0,0,0,0,0,0,0,1,0,0,0,0,0,0,0,0,0,0,0,0,0,0,0,0,1,0,0,0,0,0,0,0,1,0,0
350,1041.0,2852,1.1,1.7,3.4,3.4,4.0,6.9,0.057343103,2.8926409680000003,1569500,0.6,0.001,2057.2,1084866,254.738,0.6,0,0,0,0,0,0,0,0,0,0,0,0,0,0,0,0,0,0,0,0,0,0,0,0,0,0,0,0,0,0,0,0,0,0,0,0,0,0,0,0,0,0,0,0,1,0,0,0,0,0,0,1,0,0,0,0,0,0,0,0,0,1,0
118,824.0,2693,2.3,2.7,5.6,5.9,6.8,11.0,0.328132324,4.292506529,1479600,0.6,0.002,3545.0,1246678,222.17,0.9,0,0,0,0,0,0,0,0,0,0,0,0,0,0,0,0,1,0,0,0,0,0,0,0,0,0,0,0,0,0,0,0,0,0,0,0,0,0,0,0,0,0,0,0,0,0,0,0,0,0,0,0,1,0,0,0,0,1,0,0,0,0,0
213,1178.0,35900,2.8,2.6,5.4,6.0,6.7,11.5,0.5838819239999999,4.854501237,9539600,0.69,0.001,4861.9,9242785,230.147,0.7,0,0,0,0,0,0,0,0,0,1,0,0,0,0,0,0,0,0,0,0,0,0,0,0,0,0,0,0,0,0,0,0,0,0,0,0,0,0,0,0,0,0,0,0,0,0,0,0,0,0,0,0,0,1,0,0,0,0,0,1,0,0,0
353,1496.0,21112,1.6,2.2,4.6,4.9,5.7,9.2,0.306583477,3.504195353,3718400,0.6,0.001,2955.7,3103142,254.738,0.8,0,0,0,0,0,0,0,0,0,0,0,0,0,0,0,0,0,0,0,0,0,0,0,0,0,0,0,0,0,0,0,0,0,0,0,0,0,0,0,0,0,0,0,0,0,0,0,1,0,0,0,1,0,0,0,0,0,0,0,0,0,1,0
358,1316.0,3434,1.5,1.8,3.9,4.3,5.0,7.3,0.362351662,2.350756409,2207800,0.58,0.002,4504.3,318336,263.263,0.7,0,1,0,0,0,0,0,0,0,0,0,0,0,0,0,0,0,0,0,0,0,0,0,0,0,0,0,0,0,0,0,0,0,0,0,0,0,0,0,0,0,0,0,0,0,0,0,0,0,0,0,1,0,0,0,0,0,0,0,0,0,0,1
180,769.0,11491,3.2,2.8,6.2,6.8,7.6,12.1,0.642116831,4.53575815,4873100,0.59,0.001,3535.8,811158,225.425,0.8,0,0,0,0,0,0,0,0,0,0,0,0,0,0,0,0,0,0,0,0,0,0,0,0,0,0,0,1,0,0,0,0,0,0,0,0,0,0,0,0,0,0,0,0,0,0,0,0,0,0,0,0,1,0,0,0,0,0,1,0,0,0,0
348,1009.0,8309,1.2,1.6,3.7,4.1,4.7,7.9,0.341136705,3.195418127,3195200,0.6,0.002,6436.4,2958248,237.456,0.6,0,0,0,0,0,0,0,0,0,0,0,0,0,0,0,0,0,0,0,0,0,0,0,0,0,0,0,0,0,0,0,0,0,0,0,0,0,0,0,0,0,0,1,0,0,0,0,0,0,0,0,0,0,1,0,0,0,0,0,0,0,1,0
99,825.0,6027,3.5,4.0,7.1,7.5,8.4,13.1,0.418247252,4.740135525,3123200,0.59,0.001,2805.2,884786,223.242,0.9,0,0,0,0,0,0,0,0,0,0,0,0,0,0,0,0,0,0,0,0,0,0,0,0,0,0,0,0,0,0,0,0,0,0,0,0,0,0,0,0,0,0,0,0,0,0,0,0,1,0,0,0,0,1,0,0,1,0,0,0,0,0,0
361,2145.0,129972,1.6,2.1,4.2,4.4,5.1,8.8,0.248991201,3.724086947,19478600,0.67,0.0,4229.1,14277157,263.263,0.7,0,0,0,0,1,0,0,0,0,0,0,0,0,0,0,0,0,0,0,0,0,0,0,0,0,0,0,0,0,0,0,0,0,0,0,0,0,0,0,0,0,0,0,0,0,0,0,0,0,0,0,1,0,0,0,0,0,0,0,0,0,0,1
135,851.0,7039,5.5,5.6,9.8,10.8,11.7,18.1,1.106130711,6.564488142999999,1454200,0.69,0.004,6084.9,4428155,226.721,0.9,0,0,0,0,0,0,0,0,0,0,0,0,0,0,0,0,0,0,0,0,0,0,0,0,0,0,0,0,0,0,0,0,0,1,0,0,0,0,0,0,0,0,0,0,0,0,0,0,0,0,0,0,0,1,0,0,0,1,0,0,0,0,0
176,1092.0,8377,1.7,2.2,4.0,4.3,5.0,8.7,0.319424364,3.685148448,2985300,0.59,0.001,2308.2,2375719,225.425,0.7,0,0,0,0,0,0,0,0,0,0,0,0,0,0,0,0,0,0,0,0,0,0,0,1,0,0,0,0,0,0,0,0,0,0,0,0,0,0,0,0,0,0,0,0,0,0,0,0,0,0,0,0,1,0,0,0,0,0,1,0,0,0,0
392,850.0,10249,1.4,2.1,4.5,4.7,5.4,8.3,0.220673837,2.905249257,5755100,0.57,0.001,2994.8,5217423,234.29,0.7,0,0,0,0,0,0,0,0,0,0,0,0,0,0,0,0,0,0,0,0,0,0,0,0,0,0,0,0,0,0,0,0,0,0,0,1,0,0,0,0,0,0,0,0,0,0,0,0,0,0,0,0,1,0,0,0,0,0,0,0,0,0,1
84,825.0,8497,6.4,6.3,11.0,11.9,13.3,20.3,1.093016432,7.240316901,1522700,0.7,0.004,6084.9,4386942,223.242,1.4,0,0,0,0,0,0,0,0,0,0,0,0,0,0,0,0,0,0,0,0,0,0,0,0,0,0,0,0,0,0,0,0,0,1,0,0,0,0,0,0,0,0,0,0,0,0,0,0,0,0,0,0,0,1,0,0,1,0,0,0,0,0,0
405,814.0,4907,0.9,1.6,3.0,3.1,3.5,6.0,0.102459016,2.455814549,3123200,0.58,0.001,2805.2,893778,234.29,0.4,0,0,0,0,0,0,0,0,0,0,0,0,0,0,0,0,0,0,0,0,0,0,0,0,0,0,0,0,0,0,0,0,0,0,0,0,0,0,0,0,0,0,0,0,0,0,0,0,1,0,0,0,1,0,0,0,0,0,0,0,0,0,1
39,1133.0,1070,7.0,6.9,11.1,11.7,12.7,18.6,0.656727015,5.981540646,553900,0.59,0.004,2458.5,464234,240.997,1.0,0,0,0,0,0,0,0,0,0,0,0,0,0,0,0,0,0,0,0,0,0,0,0,0,0,0,0,0,0,0,0,0,0,0,0,0,0,0,0,1,0,0,0,0,0,0,0,0,0,0,0,0,0,0,1,1,0,0,0,0,0,0,0
340,818.0,89503,2.0,2.2,4.6,5.0,5.8,8.6,0.414497087,2.876733515,9698500,0.7,0.0,4060.3,374565,229.874,0.8,0,0,0,0,0,0,0,0,0,0,0,0,0,0,0,0,0,0,0,0,0,0,0,0,0,0,0,0,0,0,0,0,0,0,1,0,0,0,0,0,0,0,0,0,0,0,0,0,0,0,0,0,1,0,0,0,0,0,0,0,0,1,0
2,817.0,3424,4.4,4.8,8.6,9.2,9.9,14.1,0.6190581470000001,4.274449112,1369800,0.61,0.004,4823.1,2860024,227.485,0.7,0,0,1,0,0,0,0,0,0,0,0,0,0,0,0,0,0,0,0,0,0,0,0,0,0,0,0,0,0,0,0,0,0,0,0,0,0,0,0,0,0,0,0,0,0,0,0,0,0,0,0,1,0,0,0,1,0,0,0,0,0,0,0
311,1363.0,10940,1.0,1.3,2.9,3.1,3.5,6.3,0.14915479,2.744448127,3017000,0.61,0.001,3086.3,2385152,254.738,0.4,0,0,0,0,0,1,0,0,0,0,0,0,0,0,0,0,0,0,0,0,0,0,0,0,0,0,0,0,0,0,0,0,0,0,0,0,0,0,0,0,0,0,0,0,0,0,0,0,0,0,0,1,0,0,0,0,0,0,0,0,0,1,0
305,935.0,857,1.8,3.5,5.4,5.7,6.1,10.1,0.297324083,4.030393129,302700,0.67,0.006999999999999999,2011.9,275057,247.705,0.4,0,0,0,0,0,0,0,0,0,0,0,0,0,0,0,0,0,0,0,0,0,0,0,0,0,0,0,0,0,0,0,0,0,0,0,0,0,0,0,0,0,0,0,0,0,0,0,0,0,0,1,1,0,0,0,0,0,0,0,0,1,0,0
68,734.0,5230,3.9,4.3,8.0,8.4,9.2,13.8,0.458029989,4.676727255,2066800,0.58,0.001,2225.1,1941036,223.242,0.8,0,0,0,0,0,0,0,0,0,0,0,0,0,0,0,0,0,1,0,0,0,0,0,0,0,0,0,0,0,0,0,0,0,0,0,0,0,0,0,0,0,0,0,0,0,0,0,0,0,0,0,0,0,1,0,0,1,0,0,0,0,0,0
208,1902.0,115738,2.8,3.0,6.2,6.5,7.4,12.7,0.391230531,5.390755992000001,18965800,0.67,0.0,4229.1,13986110,243.015,0.9,0,0,0,0,1,0,0,0,0,0,0,0,0,0,0,0,0,0,0,0,0,0,0,0,0,0,0,0,0,0,0,0,0,0,0,0,0,0,0,0,0,0,0,0,0,0,0,0,0,0,0,1,0,0,0,0,0,0,0,1,0,0,0
395,1071.0,13512,1.6,2.3,4.3,4.5,5.2,8.4,0.20803254,3.264868893,6441300,0.6,0.001,3484.2,5713150,265.139,0.7,0,0,0,0,0,0,0,0,0,0,0,0,0,0,0,0,0,0,0,0,0,0,0,0,0,0,0,0,0,0,0,0,0,0,0,0,0,0,1,0,0,0,0,0,0,0,0,0,0,0,0,0,0,0,1,0,0,0,0,0,0,0,1
253,777.0,1835,3.1,3.3,6.9,7.3,8.4,12.4,0.444613821,4.026930894,787200,0.54,0.004,3161.7,2667516,224.21,1.1,0,0,0,0,0,0,0,0,0,0,0,0,0,0,0,0,0,0,0,0,0,0,0,0,0,0,0,0,0,0,0,0,0,0,0,0,0,0,0,0,0,0,0,0,0,0,0,0,0,1,0,0,1,0,0,0,0,0,0,1,0,0,0
334,1085.0,1089,0.7,1.2,2.6,2.7,3.1,5.3,0.168188371,2.186448823,416200,0.59,0.006,2437.8,1249429,254.738,0.4,0,0,0,0,0,0,0,0,0,0,0,0,0,0,0,0,0,0,0,0,0,0,0,0,0,0,0,0,1,0,0,0,0,0,0,0,0,0,0,0,0,0,0,0,0,0,0,0,0,0,0,1,0,0,0,0,0,0,0,0,0,1,0
339,1037.0,7833,1.8,2.7,5.0,5.4,6.3,10.8,0.378214826,4.559207812,1454200,0.69,0.004,6084.9,4622229,237.456,0.9,0,0,0,0,0,0,0,0,0,0,0,0,0,0,0,0,0,0,0,0,0,0,0,0,0,0,0,0,0,0,0,0,0,1,0,0,0,0,0,0,0,0,0,0,0,0,0,0,0,0,0,0,0,1,0,0,0,0,0,0,0,1,0
111,1049.0,47862,4.3,4.1,7.1,7.9,8.6,14.3,0.841520672,5.7401460470000005,10112700,0.69,0.001,4861.9,9100952,226.721,0.7,0,0,0,0,0,0,0,0,0,1,0,0,0,0,0,0,0,0,0,0,0,0,0,0,0,0,0,0,0,0,0,0,0,0,0,0,0,0,0,0,0,0,0,0,0,0,0,0,0,0,0,0,0,1,0,0,0,1,0,0,0,0,0
224,1395.0,8390,2.5,2.3,5.2,5.5,6.3,9.3,0.358535665,3.0286828530000003,3179600,0.59,0.001,4762.6,2426688,230.147,0.8,0,0,0,0,0,0,0,0,0,0,0,0,0,0,0,0,0,0,0,0,1,0,0,0,0,0,0,0,0,0,0,0,0,0,0,0,0,0,0,0,0,0,0,0,0,0,0,0,0,0,0,0,0,1,0,0,0,0,0,1,0,0,0
32,1562.0,3601,4.3,3.6,7.4,7.9,9.6,14.7,0.549873529,5.201803585,952600,0.59,0.006,5728.0,8143563,240.997,1.7,0,0,0,0,0,0,0,0,0,0,0,0,0,0,0,0,0,0,0,0,0,0,0,0,0,0,0,0,0,0,0,0,1,0,0,0,0,0,0,0,0,0,0,0,0,0,0,0,0,0,0,0,0,0,1,1,0,0,0,0,0,0,0
73,739.0,12592,5.2,5.0,9.1,9.8,11.0,16.6,0.776769665,5.685611572000001,4902500,0.62,0.001,4543.6,4539436,219.1,1.2,0,0,0,0,0,0,0,0,0,0,0,0,0,0,0,0,0,0,0,0,0,0,1,0,0,0,0,0,0,0,0,0,0,0,0,0,0,0,0,0,0,0,0,0,0,0,0,0,0,0,0,0,1,0,0,0,1,0,0,0,0,0,0
47,1093.0,20439,5.1,5.4,9.4,9.9,11.2,17.8,0.522815069,6.726887217000001,3959300,0.6,0.001,2953.4,2909266,227.485,1.3,0,0,0,0,0,0,0,0,0,0,0,0,0,0,0,0,0,0,0,0,0,0,0,0,0,0,0,0,0,0,0,0,0,0,0,0,0,0,0,0,0,0,0,0,0,0,0,1,0,0,0,1,0,0,0,1,0,0,0,0,0,0,0
126,758.0,8581,3.6,3.9,6.6,6.8,7.6,11.6,0.311753781,4.0395330330000006,3009600,0.6,0.001,4506.7,1293519,226.721,0.8,0,0,0,0,0,0,0,0,0,0,0,0,0,0,0,0,0,0,0,0,0,0,0,0,1,0,0,0,0,0,0,0,0,0,0,0,0,0,0,0,0,0,0,0,0,0,0,0,0,0,0,0,0,1,0,0,0,1,0,0,0,0,0
113,1599.0,6335,2.4,2.1,4.8,5.5,6.6,11.5,0.6779661020000001,5.053929122,684600,0.57,0.004,2391.1,528390,235.824,1.1,0,0,0,0,0,0,0,0,0,0,0,1,0,0,0,0,0,0,0,0,0,0,0,0,0,0,0,0,0,0,0,0,0,0,0,0,0,0,0,0,0,0,0,0,0,0,0,0,0,0,0,1,0,0,0,0,0,1,0,0,0,0,0
96,1432.0,8424,3.2,2.8,6.0,6.5,7.3,11.7,0.518630052,4.536220454,4362000,0.61,0.0,1899.6,325822,245.698,0.8,0,0,0,0,0,0,0,0,0,0,0,0,0,0,0,0,0,0,0,0,0,0,0,0,0,0,0,0,0,0,0,0,0,0,0,0,0,0,0,0,0,0,0,0,0,1,0,0,0,0,0,0,0,0,1,0,1,0,0,0,0,0,0
225,1946.0,2372,1.7,2.2,4.4,4.7,5.6,9.8,0.339083002,4.260651629,678300,0.56,0.002,1227.3,2865750,252.185,0.9,0,0,0,0,0,0,0,0,0,0,0,0,0,0,0,0,0,0,0,0,0,1,0,0,0,0,0,0,0,0,0,0,0,0,0,0,0,0,0,0,0,0,0,0,0,0,0,0,0,0,0,0,0,0,1,0,0,0,0,1,0,0,0
214,1060.0,13790,3.1,2.6,5.8,6.3,7.2,11.1,0.524619177,3.95044561,4746300,0.63,0.001,3790.3,4196753,230.147,0.9,0,0,0,0,0,0,0,0,0,0,1,0,0,0,0,0,0,0,0,0,0,0,0,0,0,0,0,0,0,0,0,0,0,0,0,0,0,0,0,0,0,0,0,0,0,0,0,0,0,0,0,0,0,1,0,0,0,0,0,1,0,0,0
57,1129.0,4209,5.3,5.2,8.4,9.0,9.8,14.7,0.584950811,4.950810955,1907000,0.7,0.002,2827.3,1494249,245.698,0.8,0,0,0,0,0,0,1,0,0,0,0,0,0,0,0,0,0,0,0,0,0,0,0,0,0,0,0,0,0,0,0,0,0,0,0,0,0,0,0,0,0,0,0,0,0,0,0,0,0,0,0,0,0,0,1,0,1,0,0,0,0,0,0
123,1759.0,3016,3.0,3.7,6.8,7.0,7.9,13.7,0.23943662,5.85915493,701900,0.56,0.002,1227.3,2838360,249.038,0.9,0,0,0,0,0,0,0,0,0,0,0,0,0,0,0,0,0,0,0,0,0,1,0,0,0,0,0,0,0,0,0,0,0,0,0,0,0,0,0,0,0,0,0,0,0,0,0,0,0,0,0,0,0,0,1,0,0,1,0,0,0,0,0
106,1642.0,118552,5.0,4.8,8.9,9.4,10.4,17.3,0.607295045,7.016857396,19223500,0.67,0.0,4229.1,13828112,235.824,1.0,0,0,0,0,1,0,0,0,0,0,0,0,0,0,0,0,0,0,0,0,0,0,0,0,0,0,0,0,0,0,0,0,0,0,0,0,0,0,0,0,0,0,0,0,0,0,0,0,0,0,0,1,0,0,0,0,0,1,0,0,0,0,0
83,1574.0,3245,3.9,3.4,7.1,7.5,8.8,14.1,0.441269174,5.431813406,946000,0.6,0.006,5592.9,8170562,245.698,1.3,0,0,0,0,0,0,0,0,0,0,0,0,0,0,0,0,0,0,0,0,0,0,0,0,0,0,0,0,0,0,0,0,1,0,0,0,0,0,0,0,0,0,0,0,0,0,0,0,0,0,0,0,0,0,1,0,1,0,0,0,0,0,0
17,661.0,6034,5.1,5.7,9.5,10.0,10.7,15.6,0.567961165,5.038834951,2068800,0.57,0.001,2395.9,1934827,218.618,0.7,0,0,0,0,0,0,0,0,0,0,0,0,0,0,0,0,0,1,0,0,0,0,0,0,0,0,0,0,0,0,0,0,0,0,0,0,0,0,0,0,0,0,0,0,0,0,0,0,0,0,0,0,0,1,0,1,0,0,0,0,0,0,0
230,778.0,1709,1.4,2.3,4.1,4.4,4.9,9.0,0.306220096,4.09569378,522500,0.61,0.005,2722.0,500869,243.015,0.5,0,0,0,0,0,0,0,0,0,0,0,0,0,0,0,0,0,0,0,0,0,0,0,0,0,0,1,0,0,0,0,0,0,0,0,0,0,0,0,0,0,0,0,0,0,0,0,0,0,0,0,1,0,0,0,0,0,0,0,1,0,0,0
98,1040.0,20504,4.3,4.7,8.3,8.7,10.1,16.9,0.42658673,6.978151842000001,3778900,0.62,0.001,2955.7,2929011,232.376,1.4,0,0,0,0,0,0,0,0,0,0,0,0,0,0,0,0,0,0,0,0,0,0,0,0,0,0,0,0,0,0,0,0,0,0,0,0,0,0,0,0,0,0,0,0,0,0,0,1,0,0,0,1,0,0,0,0,1,0,0,0,0,0,0
322,847.0,2287,1.1,1.8,3.6,3.7,4.2,6.9,0.128413085,2.757502028,1479600,0.6,0.002,3545.0,1273617,229.874,0.5,0,0,0,0,0,0,0,0,0,0,0,0,0,0,0,0,1,0,0,0,0,0,0,0,0,0,0,0,0,0,0,0,0,0,0,0,0,0,0,0,0,0,0,0,0,0,0,0,0,0,0,0,1,0,0,0,0,0,0,0,0,1,0
382,826.0,1352,2.0,1.8,4.8,5.3,5.9,8.7,0.493305144,2.82671678,1277100,0.58,0.002,2607.8,2806371,234.29,0.6,0,0,0,0,0,0,0,0,0,0,0,0,0,0,0,0,0,0,0,0,0,0,0,0,0,1,0,0,0,0,0,0,0,0,0,0,0,0,0,0,0,0,0,0,0,0,0,0,0,0,0,0,1,0,0,0,0,0,0,0,0,0,1
365,2080.0,1082,1.3,1.8,3.8,4.1,4.4,7.4,0.246052901,2.952634816,487700,0.57,0.011,5473.8,319531,242.737,0.3,0,0,0,0,0,0,0,0,1,0,0,0,0,0,0,0,0,0,0,0,0,0,0,0,0,0,0,0,0,0,0,0,0,0,0,0,0,0,0,0,0,0,0,0,0,0,0,0,0,0,0,0,0,1,0,0,0,0,0,0,0,0,1
